Method,Dataset type,Class name,Backbone,AD layers,Contamination,Runs,State,Error
padim,visa,candle,mobilenet_v2,"['features.4', 'features.7', 'features.10']",0.0,1,Completed,
padim,visa,candle,mobilenet_v2,"['features.4', 'features.7', 'features.10']",0.1,1,Completed,
padim,visa,candle,mobilenet_v2,"['features.4', 'features.7', 'features.10']",0.15,1,Completed,
padim,visa,candle,mobilenet_v2,"['features.4', 'features.7', 'features.10']",0.2,1,Completed,
padim,visa,candle,micronet-m1,"[2, 4, 5]",0.0,1,Completed,
padim,visa,candle,micronet-m1,"[2, 4, 5]",0.1,1,Completed,
padim,visa,candle,micronet-m1,"[2, 4, 5]",0.15,1,Completed,
padim,visa,candle,micronet-m1,"[2, 4, 5]",0.2,1,Completed,
padim,visa,candle,mcunet-in3,"[3, 6, 9]",0.0,1,Completed,
padim,visa,candle,mcunet-in3,"[3, 6, 9]",0.1,1,Completed,
padim,visa,candle,mcunet-in3,"[3, 6, 9]",0.15,1,Completed,
padim,visa,candle,mcunet-in3,"[3, 6, 9]",0.2,1,Completed,
padim,visa,capsules,mobilenet_v2,"['features.4', 'features.7', 'features.10']",0.0,1,Completed,
padim,visa,capsules,mobilenet_v2,"['features.4', 'features.7', 'features.10']",0.1,1,Completed,
padim,visa,capsules,mobilenet_v2,"['features.4', 'features.7', 'features.10']",0.15,1,Completed,
padim,visa,capsules,mobilenet_v2,"['features.4', 'features.7', 'features.10']",0.2,1,Completed,
padim,visa,capsules,micronet-m1,"[2, 4, 5]",0.0,1,Completed,
padim,visa,capsules,micronet-m1,"[2, 4, 5]",0.1,1,Completed,
padim,visa,capsules,micronet-m1,"[2, 4, 5]",0.15,1,Completed,
padim,visa,capsules,micronet-m1,"[2, 4, 5]",0.2,1,Completed,
padim,visa,capsules,mcunet-in3,"[3, 6, 9]",0.0,1,Completed,
padim,visa,capsules,mcunet-in3,"[3, 6, 9]",0.1,1,Completed,
padim,visa,capsules,mcunet-in3,"[3, 6, 9]",0.15,1,Completed,
padim,visa,capsules,mcunet-in3,"[3, 6, 9]",0.2,1,Completed,
padim,visa,cashew,mobilenet_v2,"['features.4', 'features.7', 'features.10']",0.0,1,Completed,
padim,visa,cashew,mobilenet_v2,"['features.4', 'features.7', 'features.10']",0.1,1,Completed,
padim,visa,cashew,mobilenet_v2,"['features.4', 'features.7', 'features.10']",0.15,1,Completed,
padim,visa,cashew,mobilenet_v2,"['features.4', 'features.7', 'features.10']",0.2,1,Completed,
padim,visa,cashew,micronet-m1,"[2, 4, 5]",0.0,1,Completed,
padim,visa,cashew,micronet-m1,"[2, 4, 5]",0.1,1,Completed,
padim,visa,cashew,micronet-m1,"[2, 4, 5]",0.15,1,Completed,
padim,visa,cashew,micronet-m1,"[2, 4, 5]",0.2,1,Completed,
padim,visa,cashew,mcunet-in3,"[3, 6, 9]",0.0,1,Completed,
padim,visa,cashew,mcunet-in3,"[3, 6, 9]",0.1,1,Completed,
padim,visa,cashew,mcunet-in3,"[3, 6, 9]",0.15,1,Completed,
padim,visa,cashew,mcunet-in3,"[3, 6, 9]",0.2,1,Completed,
padim,visa,chewinggum,mobilenet_v2,"['features.4', 'features.7', 'features.10']",0.0,1,Completed,
padim,visa,chewinggum,mobilenet_v2,"['features.4', 'features.7', 'features.10']",0.1,1,Completed,
padim,visa,chewinggum,mobilenet_v2,"['features.4', 'features.7', 'features.10']",0.15,1,Completed,
padim,visa,chewinggum,mobilenet_v2,"['features.4', 'features.7', 'features.10']",0.2,1,Completed,
padim,visa,chewinggum,micronet-m1,"[2, 4, 5]",0.0,1,Completed,
padim,visa,chewinggum,micronet-m1,"[2, 4, 5]",0.1,1,Completed,
padim,visa,chewinggum,micronet-m1,"[2, 4, 5]",0.15,1,Completed,
padim,visa,chewinggum,micronet-m1,"[2, 4, 5]",0.2,1,Completed,
padim,visa,chewinggum,mcunet-in3,"[3, 6, 9]",0.0,1,Completed,
padim,visa,chewinggum,mcunet-in3,"[3, 6, 9]",0.1,1,Completed,
padim,visa,chewinggum,mcunet-in3,"[3, 6, 9]",0.15,1,Completed,
padim,visa,chewinggum,mcunet-in3,"[3, 6, 9]",0.2,1,Completed,
padim,visa,fryum,mobilenet_v2,"['features.4', 'features.7', 'features.10']",0.0,1,Completed,
padim,visa,fryum,mobilenet_v2,"['features.4', 'features.7', 'features.10']",0.1,1,Completed,
padim,visa,fryum,mobilenet_v2,"['features.4', 'features.7', 'features.10']",0.15,1,Completed,
padim,visa,fryum,mobilenet_v2,"['features.4', 'features.7', 'features.10']",0.2,1,Completed,
padim,visa,fryum,micronet-m1,"[2, 4, 5]",0.0,1,Completed,
padim,visa,fryum,micronet-m1,"[2, 4, 5]",0.1,1,Completed,
padim,visa,fryum,micronet-m1,"[2, 4, 5]",0.15,1,Completed,
padim,visa,fryum,micronet-m1,"[2, 4, 5]",0.2,1,Completed,
padim,visa,fryum,mcunet-in3,"[3, 6, 9]",0.0,1,Completed,
padim,visa,fryum,mcunet-in3,"[3, 6, 9]",0.1,1,Completed,
padim,visa,fryum,mcunet-in3,"[3, 6, 9]",0.15,1,Completed,
padim,visa,fryum,mcunet-in3,"[3, 6, 9]",0.2,1,Completed,
padim,visa,macaroni1,mobilenet_v2,"['features.4', 'features.7', 'features.10']",0.0,1,Completed,
padim,visa,macaroni1,mobilenet_v2,"['features.4', 'features.7', 'features.10']",0.1,1,Completed,
padim,visa,macaroni1,mobilenet_v2,"['features.4', 'features.7', 'features.10']",0.15,1,Completed,
padim,visa,macaroni1,mobilenet_v2,"['features.4', 'features.7', 'features.10']",0.2,1,Completed,
padim,visa,macaroni1,micronet-m1,"[2, 4, 5]",0.0,1,Completed,
padim,visa,macaroni1,micronet-m1,"[2, 4, 5]",0.1,1,Completed,
padim,visa,macaroni1,micronet-m1,"[2, 4, 5]",0.15,1,Completed,
padim,visa,macaroni1,micronet-m1,"[2, 4, 5]",0.2,1,Completed,
padim,visa,macaroni1,mcunet-in3,"[3, 6, 9]",0.0,1,Completed,
padim,visa,macaroni1,mcunet-in3,"[3, 6, 9]",0.1,1,Completed,
padim,visa,macaroni1,mcunet-in3,"[3, 6, 9]",0.15,1,Completed,
padim,visa,macaroni1,mcunet-in3,"[3, 6, 9]",0.2,1,Completed,
padim,visa,macaroni2,mobilenet_v2,"['features.4', 'features.7', 'features.10']",0.0,1,Completed,
padim,visa,macaroni2,mobilenet_v2,"['features.4', 'features.7', 'features.10']",0.1,1,Completed,
padim,visa,macaroni2,mobilenet_v2,"['features.4', 'features.7', 'features.10']",0.15,1,Completed,
padim,visa,macaroni2,mobilenet_v2,"['features.4', 'features.7', 'features.10']",0.2,1,Completed,
padim,visa,macaroni2,micronet-m1,"[2, 4, 5]",0.0,1,Completed,
padim,visa,macaroni2,micronet-m1,"[2, 4, 5]",0.1,1,Completed,
padim,visa,macaroni2,micronet-m1,"[2, 4, 5]",0.15,1,Completed,
padim,visa,macaroni2,micronet-m1,"[2, 4, 5]",0.2,1,Completed,
padim,visa,macaroni2,mcunet-in3,"[3, 6, 9]",0.0,1,Completed,
padim,visa,macaroni2,mcunet-in3,"[3, 6, 9]",0.1,1,Completed,
padim,visa,macaroni2,mcunet-in3,"[3, 6, 9]",0.15,1,Completed,
padim,visa,macaroni2,mcunet-in3,"[3, 6, 9]",0.2,1,Completed,
padim,visa,pcb1,mobilenet_v2,"['features.4', 'features.7', 'features.10']",0.0,1,Completed,
padim,visa,pcb1,mobilenet_v2,"['features.4', 'features.7', 'features.10']",0.1,1,Completed,
padim,visa,pcb1,mobilenet_v2,"['features.4', 'features.7', 'features.10']",0.15,1,Completed,
padim,visa,pcb1,mobilenet_v2,"['features.4', 'features.7', 'features.10']",0.2,1,Completed,
padim,visa,pcb1,micronet-m1,"[2, 4, 5]",0.0,1,Completed,
padim,visa,pcb1,micronet-m1,"[2, 4, 5]",0.1,1,Completed,
padim,visa,pcb1,micronet-m1,"[2, 4, 5]",0.15,1,Completed,
padim,visa,pcb1,micronet-m1,"[2, 4, 5]",0.2,1,Completed,
padim,visa,pcb1,mcunet-in3,"[3, 6, 9]",0.0,1,Completed,
padim,visa,pcb1,mcunet-in3,"[3, 6, 9]",0.1,1,Completed,
padim,visa,pcb1,mcunet-in3,"[3, 6, 9]",0.15,1,Completed,
padim,visa,pcb1,mcunet-in3,"[3, 6, 9]",0.2,1,Completed,
padim,visa,pcb2,mobilenet_v2,"['features.4', 'features.7', 'features.10']",0.0,1,Completed,
padim,visa,pcb2,mobilenet_v2,"['features.4', 'features.7', 'features.10']",0.1,1,Completed,
padim,visa,pcb2,mobilenet_v2,"['features.4', 'features.7', 'features.10']",0.15,1,Completed,
padim,visa,pcb2,mobilenet_v2,"['features.4', 'features.7', 'features.10']",0.2,1,Completed,
padim,visa,pcb2,micronet-m1,"[2, 4, 5]",0.0,1,Completed,
padim,visa,pcb2,micronet-m1,"[2, 4, 5]",0.1,1,Completed,
padim,visa,pcb2,micronet-m1,"[2, 4, 5]",0.15,1,Completed,
padim,visa,pcb2,micronet-m1,"[2, 4, 5]",0.2,1,Completed,
padim,visa,pcb2,mcunet-in3,"[3, 6, 9]",0.0,1,Completed,
padim,visa,pcb2,mcunet-in3,"[3, 6, 9]",0.1,1,Completed,
padim,visa,pcb2,mcunet-in3,"[3, 6, 9]",0.15,1,Completed,
padim,visa,pcb2,mcunet-in3,"[3, 6, 9]",0.2,1,Completed,
padim,visa,pcb3,mobilenet_v2,"['features.4', 'features.7', 'features.10']",0.0,1,Completed,
padim,visa,pcb3,mobilenet_v2,"['features.4', 'features.7', 'features.10']",0.1,1,Completed,
padim,visa,pcb3,mobilenet_v2,"['features.4', 'features.7', 'features.10']",0.15,1,Completed,
padim,visa,pcb3,mobilenet_v2,"['features.4', 'features.7', 'features.10']",0.2,1,Completed,
padim,visa,pcb3,micronet-m1,"[2, 4, 5]",0.0,1,Completed,
padim,visa,pcb3,micronet-m1,"[2, 4, 5]",0.1,1,Completed,
padim,visa,pcb3,micronet-m1,"[2, 4, 5]",0.15,1,Completed,
padim,visa,pcb3,micronet-m1,"[2, 4, 5]",0.2,1,Completed,
padim,visa,pcb3,mcunet-in3,"[3, 6, 9]",0.0,1,Completed,
padim,visa,pcb3,mcunet-in3,"[3, 6, 9]",0.1,1,Completed,
padim,visa,pcb3,mcunet-in3,"[3, 6, 9]",0.15,1,Completed,
padim,visa,pcb3,mcunet-in3,"[3, 6, 9]",0.2,1,Completed,
padim,visa,pcb4,mobilenet_v2,"['features.4', 'features.7', 'features.10']",0.0,1,Completed,
padim,visa,pcb4,mobilenet_v2,"['features.4', 'features.7', 'features.10']",0.1,1,Completed,
padim,visa,pcb4,mobilenet_v2,"['features.4', 'features.7', 'features.10']",0.15,1,Completed,
padim,visa,pcb4,mobilenet_v2,"['features.4', 'features.7', 'features.10']",0.2,1,Completed,
padim,visa,pcb4,micronet-m1,"[2, 4, 5]",0.0,1,Completed,
padim,visa,pcb4,micronet-m1,"[2, 4, 5]",0.1,1,Completed,
padim,visa,pcb4,micronet-m1,"[2, 4, 5]",0.15,1,Completed,
padim,visa,pcb4,micronet-m1,"[2, 4, 5]",0.2,1,Completed,
padim,visa,pcb4,mcunet-in3,"[3, 6, 9]",0.0,1,Completed,
padim,visa,pcb4,mcunet-in3,"[3, 6, 9]",0.1,1,Completed,
padim,visa,pcb4,mcunet-in3,"[3, 6, 9]",0.15,1,Completed,
padim,visa,pcb4,mcunet-in3,"[3, 6, 9]",0.2,1,Completed,
padim,visa,pipe_fryum,mobilenet_v2,"['features.4', 'features.7', 'features.10']",0.0,1,Completed,
padim,visa,pipe_fryum,mobilenet_v2,"['features.4', 'features.7', 'features.10']",0.1,1,Completed,
padim,visa,pipe_fryum,mobilenet_v2,"['features.4', 'features.7', 'features.10']",0.15,1,Completed,
padim,visa,pipe_fryum,mobilenet_v2,"['features.4', 'features.7', 'features.10']",0.2,1,Completed,
padim,visa,pipe_fryum,micronet-m1,"[2, 4, 5]",0.0,1,Completed,
padim,visa,pipe_fryum,micronet-m1,"[2, 4, 5]",0.1,1,Completed,
padim,visa,pipe_fryum,micronet-m1,"[2, 4, 5]",0.15,1,Completed,
padim,visa,pipe_fryum,micronet-m1,"[2, 4, 5]",0.2,1,Completed,
padim,visa,pipe_fryum,mcunet-in3,"[3, 6, 9]",0.0,1,Completed,
padim,visa,pipe_fryum,mcunet-in3,"[3, 6, 9]",0.1,1,Completed,
padim,visa,pipe_fryum,mcunet-in3,"[3, 6, 9]",0.15,1,Completed,
padim,visa,pipe_fryum,mcunet-in3,"[3, 6, 9]",0.2,1,Completed,
cfa,visa,candle,mobilenet_v2,"['features.4', 'features.7', 'features.10']",0.0,1,Completed,
cfa,visa,candle,mobilenet_v2,"['features.4', 'features.7', 'features.10']",0.1,1,Completed,
cfa,visa,candle,micronet-m1,"[2, 4, 5]",0.0,1,Completed,
cfa,visa,candle,micronet-m1,"[2, 4, 5]",0.1,1,Completed,
cfa,visa,candle,mcunet-in3,"[3, 6, 9]",0.0,1,Completed,
cfa,visa,candle,mcunet-in3,"[3, 6, 9]",0.1,1,Completed,
cfa,visa,candle,resnet18,"['layer1', 'layer2', 'layer3']",0.0,1,Completed,
cfa,visa,candle,resnet18,"['layer1', 'layer2', 'layer3']",0.1,1,Completed,
cfa,visa,capsules,mobilenet_v2,"['features.4', 'features.7', 'features.10']",0.0,1,Completed,
cfa,visa,capsules,mobilenet_v2,"['features.4', 'features.7', 'features.10']",0.1,1,Completed,
cfa,visa,capsules,mobilenet_v2,"['features.4', 'features.7', 'features.10']",0.15,1,Completed,
cfa,visa,capsules,micronet-m1,"[2, 4, 5]",0.0,1,Completed,
cfa,visa,capsules,micronet-m1,"[2, 4, 5]",0.1,1,Completed,
cfa,visa,capsules,micronet-m1,"[2, 4, 5]",0.15,1,Completed,
cfa,visa,capsules,mcunet-in3,"[3, 6, 9]",0.0,1,Completed,
cfa,visa,capsules,mcunet-in3,"[3, 6, 9]",0.1,1,Completed,
cfa,visa,capsules,mcunet-in3,"[3, 6, 9]",0.15,1,Completed,
cfa,visa,capsules,resnet18,"['layer1', 'layer2', 'layer3']",0.0,1,Completed,
cfa,visa,capsules,resnet18,"['layer1', 'layer2', 'layer3']",0.1,1,Completed,
cfa,visa,capsules,resnet18,"['layer1', 'layer2', 'layer3']",0.15,1,Completed,
cfa,visa,cashew,mobilenet_v2,"['features.4', 'features.7', 'features.10']",0.0,1,Completed,
cfa,visa,cashew,mobilenet_v2,"['features.4', 'features.7', 'features.10']",0.1,1,Completed,
cfa,visa,cashew,mobilenet_v2,"['features.4', 'features.7', 'features.10']",0.15,1,Completed,
cfa,visa,cashew,mobilenet_v2,"['features.4', 'features.7', 'features.10']",0.2,1,Completed,
cfa,visa,cashew,micronet-m1,"[2, 4, 5]",0.0,1,Completed,
cfa,visa,cashew,micronet-m1,"[2, 4, 5]",0.1,1,Completed,
cfa,visa,cashew,micronet-m1,"[2, 4, 5]",0.15,1,Completed,
cfa,visa,cashew,micronet-m1,"[2, 4, 5]",0.2,1,Completed,
cfa,visa,cashew,mcunet-in3,"[3, 6, 9]",0.0,1,Completed,
cfa,visa,cashew,mcunet-in3,"[3, 6, 9]",0.1,1,Completed,
cfa,visa,cashew,mcunet-in3,"[3, 6, 9]",0.15,1,Completed,
cfa,visa,cashew,mcunet-in3,"[3, 6, 9]",0.2,1,Completed,
cfa,visa,cashew,resnet18,"['layer1', 'layer2', 'layer3']",0.0,1,Completed,
cfa,visa,cashew,resnet18,"['layer1', 'layer2', 'layer3']",0.1,1,Completed,
cfa,visa,cashew,resnet18,"['layer1', 'layer2', 'layer3']",0.15,1,Completed,
cfa,visa,cashew,resnet18,"['layer1', 'layer2', 'layer3']",0.2,1,Completed,
cfa,visa,chewinggum,mobilenet_v2,"['features.4', 'features.7', 'features.10']",0.0,1,Completed,
cfa,visa,chewinggum,mobilenet_v2,"['features.4', 'features.7', 'features.10']",0.1,1,Completed,
cfa,visa,chewinggum,mobilenet_v2,"['features.4', 'features.7', 'features.10']",0.15,1,Completed,
cfa,visa,chewinggum,mobilenet_v2,"['features.4', 'features.7', 'features.10']",0.2,1,Completed,
cfa,visa,chewinggum,micronet-m1,"[2, 4, 5]",0.0,1,Completed,
cfa,visa,chewinggum,micronet-m1,"[2, 4, 5]",0.1,1,Completed,
cfa,visa,chewinggum,micronet-m1,"[2, 4, 5]",0.15,1,Completed,
cfa,visa,chewinggum,micronet-m1,"[2, 4, 5]",0.2,1,Completed,
cfa,visa,chewinggum,mcunet-in3,"[3, 6, 9]",0.0,1,Completed,
cfa,visa,chewinggum,mcunet-in3,"[3, 6, 9]",0.1,1,Completed,
cfa,visa,chewinggum,mcunet-in3,"[3, 6, 9]",0.15,1,Completed,
cfa,visa,chewinggum,mcunet-in3,"[3, 6, 9]",0.2,1,Completed,
cfa,visa,chewinggum,resnet18,"['layer1', 'layer2', 'layer3']",0.0,1,Completed,
cfa,visa,chewinggum,resnet18,"['layer1', 'layer2', 'layer3']",0.1,1,Completed,
cfa,visa,chewinggum,resnet18,"['layer1', 'layer2', 'layer3']",0.15,1,Completed,
cfa,visa,chewinggum,resnet18,"['layer1', 'layer2', 'layer3']",0.2,1,Completed,
cfa,visa,fryum,mobilenet_v2,"['features.4', 'features.7', 'features.10']",0.0,1,Completed,
cfa,visa,fryum,mobilenet_v2,"['features.4', 'features.7', 'features.10']",0.1,1,Completed,
cfa,visa,fryum,mobilenet_v2,"['features.4', 'features.7', 'features.10']",0.15,1,Completed,
cfa,visa,fryum,mobilenet_v2,"['features.4', 'features.7', 'features.10']",0.2,1,Completed,
cfa,visa,fryum,micronet-m1,"[2, 4, 5]",0.0,1,Completed,
cfa,visa,fryum,micronet-m1,"[2, 4, 5]",0.1,1,Completed,
cfa,visa,fryum,micronet-m1,"[2, 4, 5]",0.15,1,Completed,
cfa,visa,fryum,micronet-m1,"[2, 4, 5]",0.2,1,Completed,
cfa,visa,fryum,mcunet-in3,"[3, 6, 9]",0.0,1,Completed,
cfa,visa,fryum,mcunet-in3,"[3, 6, 9]",0.1,1,Completed,
cfa,visa,fryum,mcunet-in3,"[3, 6, 9]",0.15,1,Completed,
cfa,visa,fryum,mcunet-in3,"[3, 6, 9]",0.2,1,Completed,
cfa,visa,fryum,resnet18,"['layer1', 'layer2', 'layer3']",0.0,1,Completed,
cfa,visa,fryum,resnet18,"['layer1', 'layer2', 'layer3']",0.1,1,Completed,
cfa,visa,fryum,resnet18,"['layer1', 'layer2', 'layer3']",0.15,1,Completed,
cfa,visa,fryum,resnet18,"['layer1', 'layer2', 'layer3']",0.2,1,Completed,
cfa,visa,macaroni1,mobilenet_v2,"['features.4', 'features.7', 'features.10']",0.0,1,Completed,
cfa,visa,macaroni1,mobilenet_v2,"['features.4', 'features.7', 'features.10']",0.1,1,Completed,
cfa,visa,macaroni1,micronet-m1,"[2, 4, 5]",0.0,1,Completed,
cfa,visa,macaroni1,micronet-m1,"[2, 4, 5]",0.1,1,Completed,
cfa,visa,macaroni1,mcunet-in3,"[3, 6, 9]",0.0,1,Completed,
cfa,visa,macaroni1,mcunet-in3,"[3, 6, 9]",0.1,1,Completed,
cfa,visa,macaroni1,resnet18,"['layer1', 'layer2', 'layer3']",0.0,1,Completed,
cfa,visa,macaroni1,resnet18,"['layer1', 'layer2', 'layer3']",0.1,1,Completed,
cfa,visa,macaroni2,mobilenet_v2,"['features.4', 'features.7', 'features.10']",0.0,1,Completed,
cfa,visa,macaroni2,mobilenet_v2,"['features.4', 'features.7', 'features.10']",0.1,1,Completed,
cfa,visa,macaroni2,micronet-m1,"[2, 4, 5]",0.0,1,Completed,
cfa,visa,macaroni2,micronet-m1,"[2, 4, 5]",0.1,1,Completed,
cfa,visa,macaroni2,mcunet-in3,"[3, 6, 9]",0.0,1,Completed,
cfa,visa,macaroni2,mcunet-in3,"[3, 6, 9]",0.1,1,Completed,
cfa,visa,macaroni2,resnet18,"['layer1', 'layer2', 'layer3']",0.0,1,Completed,
cfa,visa,macaroni2,resnet18,"['layer1', 'layer2', 'layer3']",0.1,1,Completed,
cfa,visa,pcb1,mobilenet_v2,"['features.4', 'features.7', 'features.10']",0.0,1,Completed,
cfa,visa,pcb1,mobilenet_v2,"['features.4', 'features.7', 'features.10']",0.1,1,Completed,
cfa,visa,pcb1,micronet-m1,"[2, 4, 5]",0.0,1,Completed,
cfa,visa,pcb1,micronet-m1,"[2, 4, 5]",0.1,1,Completed,
cfa,visa,pcb1,mcunet-in3,"[3, 6, 9]",0.0,1,Completed,
cfa,visa,pcb1,mcunet-in3,"[3, 6, 9]",0.1,1,Completed,
cfa,visa,pcb1,resnet18,"['layer1', 'layer2', 'layer3']",0.0,1,Completed,
cfa,visa,pcb1,resnet18,"['layer1', 'layer2', 'layer3']",0.1,1,Completed,
cfa,visa,pcb2,mobilenet_v2,"['features.4', 'features.7', 'features.10']",0.0,1,Completed,
cfa,visa,pcb2,mobilenet_v2,"['features.4', 'features.7', 'features.10']",0.1,1,Completed,
cfa,visa,pcb2,micronet-m1,"[2, 4, 5]",0.0,1,Completed,
cfa,visa,pcb2,micronet-m1,"[2, 4, 5]",0.1,1,Completed,
cfa,visa,pcb2,mcunet-in3,"[3, 6, 9]",0.0,1,Completed,
cfa,visa,pcb2,mcunet-in3,"[3, 6, 9]",0.1,1,Completed,
cfa,visa,pcb2,resnet18,"['layer1', 'layer2', 'layer3']",0.0,1,Completed,
cfa,visa,pcb2,resnet18,"['layer1', 'layer2', 'layer3']",0.1,1,Completed,
cfa,visa,pcb3,mobilenet_v2,"['features.4', 'features.7', 'features.10']",0.0,1,Completed,
cfa,visa,pcb3,mobilenet_v2,"['features.4', 'features.7', 'features.10']",0.1,1,Completed,
cfa,visa,pcb3,micronet-m1,"[2, 4, 5]",0.0,1,Completed,
cfa,visa,pcb3,micronet-m1,"[2, 4, 5]",0.1,1,Completed,
cfa,visa,pcb3,mcunet-in3,"[3, 6, 9]",0.0,1,Completed,
cfa,visa,pcb3,mcunet-in3,"[3, 6, 9]",0.1,1,Completed,
cfa,visa,pcb3,resnet18,"['layer1', 'layer2', 'layer3']",0.0,1,Completed,
cfa,visa,pcb3,resnet18,"['layer1', 'layer2', 'layer3']",0.1,1,Completed,
cfa,visa,pcb4,mobilenet_v2,"['features.4', 'features.7', 'features.10']",0.0,1,Completed,
cfa,visa,pcb4,mobilenet_v2,"['features.4', 'features.7', 'features.10']",0.1,1,Completed,
cfa,visa,pcb4,micronet-m1,"[2, 4, 5]",0.0,1,Completed,
cfa,visa,pcb4,micronet-m1,"[2, 4, 5]",0.1,1,Completed,
cfa,visa,pcb4,mcunet-in3,"[3, 6, 9]",0.0,1,Completed,
cfa,visa,pcb4,mcunet-in3,"[3, 6, 9]",0.1,1,Completed,
cfa,visa,pcb4,resnet18,"['layer1', 'layer2', 'layer3']",0.0,1,Completed,
cfa,visa,pcb4,resnet18,"['layer1', 'layer2', 'layer3']",0.1,1,Completed,
cfa,visa,pipe_fryum,mobilenet_v2,"['features.4', 'features.7', 'features.10']",0.0,1,Completed,
cfa,visa,pipe_fryum,mobilenet_v2,"['features.4', 'features.7', 'features.10']",0.1,1,Completed,
cfa,visa,pipe_fryum,mobilenet_v2,"['features.4', 'features.7', 'features.10']",0.15,1,Completed,
cfa,visa,pipe_fryum,mobilenet_v2,"['features.4', 'features.7', 'features.10']",0.2,1,Completed,
cfa,visa,pipe_fryum,micronet-m1,"[2, 4, 5]",0.0,1,Completed,
cfa,visa,pipe_fryum,micronet-m1,"[2, 4, 5]",0.1,1,Completed,
cfa,visa,pipe_fryum,micronet-m1,"[2, 4, 5]",0.15,1,Completed,
cfa,visa,pipe_fryum,micronet-m1,"[2, 4, 5]",0.2,1,Completed,
cfa,visa,pipe_fryum,mcunet-in3,"[3, 6, 9]",0.0,1,Completed,
cfa,visa,pipe_fryum,mcunet-in3,"[3, 6, 9]",0.1,1,Completed,
cfa,visa,pipe_fryum,mcunet-in3,"[3, 6, 9]",0.15,1,Completed,
cfa,visa,pipe_fryum,mcunet-in3,"[3, 6, 9]",0.2,1,Completed,
cfa,visa,pipe_fryum,resnet18,"['layer1', 'layer2', 'layer3']",0.0,1,Completed,
cfa,visa,pipe_fryum,resnet18,"['layer1', 'layer2', 'layer3']",0.1,1,Completed,
cfa,visa,pipe_fryum,resnet18,"['layer1', 'layer2', 'layer3']",0.15,1,Completed,
cfa,visa,pipe_fryum,resnet18,"['layer1', 'layer2', 'layer3']",0.2,1,Completed,
patchcore,visa,candle,mobilenet_v2,"['features.4', 'features.7', 'features.10']",0.0,1,Completed,
patchcore,visa,candle,mobilenet_v2,"['features.4', 'features.7', 'features.10']",0.1,1,Completed,
patchcore,visa,candle,mobilenet_v2,"['features.4', 'features.7', 'features.10']",0.15,1,Completed,
patchcore,visa,candle,mobilenet_v2,"['features.4', 'features.7', 'features.10']",0.2,1,Completed,
patchcore,visa,candle,micronet-m1,"[2, 4, 5]",0.0,1,Completed,
patchcore,visa,candle,micronet-m1,"[2, 4, 5]",0.1,1,Completed,
patchcore,visa,candle,micronet-m1,"[2, 4, 5]",0.15,1,Completed,
patchcore,visa,candle,micronet-m1,"[2, 4, 5]",0.2,1,Completed,
patchcore,visa,candle,mcunet-in3,"[3, 6, 9]",0.0,1,Completed,
patchcore,visa,candle,mcunet-in3,"[3, 6, 9]",0.1,1,Completed,
patchcore,visa,candle,mcunet-in3,"[3, 6, 9]",0.15,1,Completed,
patchcore,visa,candle,mcunet-in3,"[3, 6, 9]",0.2,1,Completed,
patchcore,visa,candle,resnet18,"['layer1', 'layer2', 'layer3']",0.0,1,Completed,
patchcore,visa,candle,resnet18,"['layer1', 'layer2', 'layer3']",0.1,1,Completed,
patchcore,visa,candle,resnet18,"['layer1', 'layer2', 'layer3']",0.15,1,Completed,
patchcore,visa,candle,resnet18,"['layer1', 'layer2', 'layer3']",0.2,1,Completed,
patchcore,visa,capsules,mobilenet_v2,"['features.4', 'features.7', 'features.10']",0.0,1,Completed,
patchcore,visa,capsules,mobilenet_v2,"['features.4', 'features.7', 'features.10']",0.1,1,Completed,
patchcore,visa,capsules,mobilenet_v2,"['features.4', 'features.7', 'features.10']",0.15,1,Completed,
patchcore,visa,capsules,mobilenet_v2,"['features.4', 'features.7', 'features.10']",0.2,1,Completed,
patchcore,visa,capsules,micronet-m1,"[2, 4, 5]",0.0,1,Completed,
patchcore,visa,capsules,micronet-m1,"[2, 4, 5]",0.1,1,Completed,
patchcore,visa,capsules,micronet-m1,"[2, 4, 5]",0.15,1,Completed,
patchcore,visa,capsules,micronet-m1,"[2, 4, 5]",0.2,1,Completed,
patchcore,visa,capsules,mcunet-in3,"[3, 6, 9]",0.0,1,Completed,
patchcore,visa,capsules,mcunet-in3,"[3, 6, 9]",0.1,1,Completed,
patchcore,visa,capsules,mcunet-in3,"[3, 6, 9]",0.15,1,Completed,
patchcore,visa,capsules,mcunet-in3,"[3, 6, 9]",0.2,1,Completed,
patchcore,visa,capsules,resnet18,"['layer1', 'layer2', 'layer3']",0.0,1,Completed,
patchcore,visa,capsules,resnet18,"['layer1', 'layer2', 'layer3']",0.1,1,Completed,
patchcore,visa,capsules,resnet18,"['layer1', 'layer2', 'layer3']",0.15,1,Completed,
patchcore,visa,capsules,resnet18,"['layer1', 'layer2', 'layer3']",0.2,1,Completed,
patchcore,visa,cashew,mobilenet_v2,"['features.4', 'features.7', 'features.10']",0.0,1,Completed,
patchcore,visa,cashew,mobilenet_v2,"['features.4', 'features.7', 'features.10']",0.1,1,Completed,
patchcore,visa,cashew,mobilenet_v2,"['features.4', 'features.7', 'features.10']",0.15,1,Completed,
patchcore,visa,cashew,mobilenet_v2,"['features.4', 'features.7', 'features.10']",0.2,1,Completed,
patchcore,visa,cashew,micronet-m1,"[2, 4, 5]",0.0,1,Completed,
patchcore,visa,cashew,micronet-m1,"[2, 4, 5]",0.1,1,Completed,
patchcore,visa,cashew,micronet-m1,"[2, 4, 5]",0.15,1,Completed,
patchcore,visa,cashew,micronet-m1,"[2, 4, 5]",0.2,1,Completed,
patchcore,visa,cashew,mcunet-in3,"[3, 6, 9]",0.0,1,Completed,
patchcore,visa,cashew,mcunet-in3,"[3, 6, 9]",0.1,1,Completed,
patchcore,visa,cashew,mcunet-in3,"[3, 6, 9]",0.15,1,Completed,
patchcore,visa,cashew,mcunet-in3,"[3, 6, 9]",0.2,1,Completed,
patchcore,visa,cashew,resnet18,"['layer1', 'layer2', 'layer3']",0.0,1,Completed,
patchcore,visa,cashew,resnet18,"['layer1', 'layer2', 'layer3']",0.1,1,Completed,
patchcore,visa,cashew,resnet18,"['layer1', 'layer2', 'layer3']",0.15,1,Completed,
patchcore,visa,cashew,resnet18,"['layer1', 'layer2', 'layer3']",0.2,1,Completed,
patchcore,visa,chewinggum,mobilenet_v2,"['features.4', 'features.7', 'features.10']",0.0,1,Completed,
patchcore,visa,chewinggum,mobilenet_v2,"['features.4', 'features.7', 'features.10']",0.1,1,Completed,
patchcore,visa,chewinggum,mobilenet_v2,"['features.4', 'features.7', 'features.10']",0.15,1,Completed,
patchcore,visa,chewinggum,mobilenet_v2,"['features.4', 'features.7', 'features.10']",0.2,1,Completed,
patchcore,visa,chewinggum,micronet-m1,"[2, 4, 5]",0.0,1,Completed,
patchcore,visa,chewinggum,micronet-m1,"[2, 4, 5]",0.1,1,Completed,
patchcore,visa,chewinggum,micronet-m1,"[2, 4, 5]",0.15,1,Completed,
patchcore,visa,chewinggum,micronet-m1,"[2, 4, 5]",0.2,1,Completed,
patchcore,visa,chewinggum,mcunet-in3,"[3, 6, 9]",0.0,1,Completed,
patchcore,visa,chewinggum,mcunet-in3,"[3, 6, 9]",0.1,1,Completed,
patchcore,visa,chewinggum,mcunet-in3,"[3, 6, 9]",0.15,1,Completed,
patchcore,visa,chewinggum,mcunet-in3,"[3, 6, 9]",0.2,1,Completed,
patchcore,visa,chewinggum,resnet18,"['layer1', 'layer2', 'layer3']",0.0,1,Completed,
patchcore,visa,chewinggum,resnet18,"['layer1', 'layer2', 'layer3']",0.1,1,Completed,
patchcore,visa,chewinggum,resnet18,"['layer1', 'layer2', 'layer3']",0.15,1,Completed,
patchcore,visa,chewinggum,resnet18,"['layer1', 'layer2', 'layer3']",0.2,1,Completed,
patchcore,visa,fryum,mobilenet_v2,"['features.4', 'features.7', 'features.10']",0.0,1,Completed,
patchcore,visa,fryum,mobilenet_v2,"['features.4', 'features.7', 'features.10']",0.1,1,Completed,
patchcore,visa,fryum,mobilenet_v2,"['features.4', 'features.7', 'features.10']",0.15,1,Completed,
patchcore,visa,fryum,mobilenet_v2,"['features.4', 'features.7', 'features.10']",0.2,1,Completed,
patchcore,visa,fryum,micronet-m1,"[2, 4, 5]",0.0,1,Completed,
patchcore,visa,fryum,micronet-m1,"[2, 4, 5]",0.1,1,Completed,
patchcore,visa,fryum,micronet-m1,"[2, 4, 5]",0.15,1,Completed,
patchcore,visa,fryum,micronet-m1,"[2, 4, 5]",0.2,1,Completed,
patchcore,visa,fryum,mcunet-in3,"[3, 6, 9]",0.0,1,Completed,
patchcore,visa,fryum,mcunet-in3,"[3, 6, 9]",0.1,1,Completed,
patchcore,visa,fryum,mcunet-in3,"[3, 6, 9]",0.15,1,Completed,
patchcore,visa,fryum,mcunet-in3,"[3, 6, 9]",0.2,1,Completed,
patchcore,visa,fryum,resnet18,"['layer1', 'layer2', 'layer3']",0.0,1,Completed,
patchcore,visa,fryum,resnet18,"['layer1', 'layer2', 'layer3']",0.1,1,Completed,
patchcore,visa,fryum,resnet18,"['layer1', 'layer2', 'layer3']",0.15,1,Completed,
patchcore,visa,fryum,resnet18,"['layer1', 'layer2', 'layer3']",0.2,1,Completed,
patchcore,visa,macaroni1,mobilenet_v2,"['features.4', 'features.7', 'features.10']",0.0,1,Completed,
patchcore,visa,macaroni1,mobilenet_v2,"['features.4', 'features.7', 'features.10']",0.1,1,Completed,
patchcore,visa,macaroni1,mobilenet_v2,"['features.4', 'features.7', 'features.10']",0.15,1,Completed,
patchcore,visa,macaroni1,mobilenet_v2,"['features.4', 'features.7', 'features.10']",0.2,1,Completed,
patchcore,visa,macaroni1,micronet-m1,"[2, 4, 5]",0.0,1,Completed,
patchcore,visa,macaroni1,micronet-m1,"[2, 4, 5]",0.1,1,Completed,
patchcore,visa,macaroni1,micronet-m1,"[2, 4, 5]",0.15,1,Completed,
patchcore,visa,macaroni1,micronet-m1,"[2, 4, 5]",0.2,1,Completed,
patchcore,visa,macaroni1,mcunet-in3,"[3, 6, 9]",0.0,1,Completed,
patchcore,visa,macaroni1,mcunet-in3,"[3, 6, 9]",0.1,1,Completed,
patchcore,visa,macaroni1,mcunet-in3,"[3, 6, 9]",0.15,1,Completed,
patchcore,visa,macaroni1,mcunet-in3,"[3, 6, 9]",0.2,1,Completed,
patchcore,visa,macaroni1,resnet18,"['layer1', 'layer2', 'layer3']",0.0,1,Completed,
patchcore,visa,macaroni1,resnet18,"['layer1', 'layer2', 'layer3']",0.1,1,Completed,
patchcore,visa,macaroni1,resnet18,"['layer1', 'layer2', 'layer3']",0.15,1,Completed,
patchcore,visa,macaroni1,resnet18,"['layer1', 'layer2', 'layer3']",0.2,1,Completed,
patchcore,visa,macaroni2,mobilenet_v2,"['features.4', 'features.7', 'features.10']",0.0,1,Completed,
patchcore,visa,macaroni2,mobilenet_v2,"['features.4', 'features.7', 'features.10']",0.1,1,Completed,
patchcore,visa,macaroni2,mobilenet_v2,"['features.4', 'features.7', 'features.10']",0.15,1,Completed,
patchcore,visa,macaroni2,mobilenet_v2,"['features.4', 'features.7', 'features.10']",0.2,1,Completed,
patchcore,visa,macaroni2,micronet-m1,"[2, 4, 5]",0.0,1,Completed,
patchcore,visa,macaroni2,micronet-m1,"[2, 4, 5]",0.1,1,Completed,
patchcore,visa,macaroni2,micronet-m1,"[2, 4, 5]",0.15,1,Completed,
patchcore,visa,macaroni2,micronet-m1,"[2, 4, 5]",0.2,1,Completed,
patchcore,visa,macaroni2,mcunet-in3,"[3, 6, 9]",0.0,1,Completed,
patchcore,visa,macaroni2,mcunet-in3,"[3, 6, 9]",0.1,1,Completed,
patchcore,visa,macaroni2,mcunet-in3,"[3, 6, 9]",0.15,1,Completed,
patchcore,visa,macaroni2,mcunet-in3,"[3, 6, 9]",0.2,1,Completed,
patchcore,visa,macaroni2,resnet18,"['layer1', 'layer2', 'layer3']",0.0,1,Completed,
patchcore,visa,macaroni2,resnet18,"['layer1', 'layer2', 'layer3']",0.1,1,Completed,
patchcore,visa,macaroni2,resnet18,"['layer1', 'layer2', 'layer3']",0.15,1,Completed,
patchcore,visa,macaroni2,resnet18,"['layer1', 'layer2', 'layer3']",0.2,1,Completed,
patchcore,visa,pcb1,mobilenet_v2,"['features.4', 'features.7', 'features.10']",0.0,1,Completed,
patchcore,visa,pcb1,mobilenet_v2,"['features.4', 'features.7', 'features.10']",0.1,1,Completed,
patchcore,visa,pcb1,mobilenet_v2,"['features.4', 'features.7', 'features.10']",0.15,1,Completed,
patchcore,visa,pcb1,mobilenet_v2,"['features.4', 'features.7', 'features.10']",0.2,1,Completed,
patchcore,visa,pcb1,micronet-m1,"[2, 4, 5]",0.0,1,Completed,
patchcore,visa,pcb1,micronet-m1,"[2, 4, 5]",0.1,1,Completed,
patchcore,visa,pcb1,micronet-m1,"[2, 4, 5]",0.15,1,Completed,
patchcore,visa,pcb1,micronet-m1,"[2, 4, 5]",0.2,1,Completed,
patchcore,visa,pcb1,mcunet-in3,"[3, 6, 9]",0.0,1,Completed,
patchcore,visa,pcb1,mcunet-in3,"[3, 6, 9]",0.1,1,Completed,
patchcore,visa,pcb1,mcunet-in3,"[3, 6, 9]",0.15,1,Completed,
patchcore,visa,pcb1,mcunet-in3,"[3, 6, 9]",0.2,1,Completed,
patchcore,visa,pcb1,resnet18,"['layer1', 'layer2', 'layer3']",0.0,1,Completed,
patchcore,visa,pcb1,resnet18,"['layer1', 'layer2', 'layer3']",0.1,1,Completed,
patchcore,visa,pcb1,resnet18,"['layer1', 'layer2', 'layer3']",0.15,1,Completed,
patchcore,visa,pcb1,resnet18,"['layer1', 'layer2', 'layer3']",0.2,1,Completed,
patchcore,visa,pcb2,mobilenet_v2,"['features.4', 'features.7', 'features.10']",0.0,1,Completed,
patchcore,visa,pcb2,mobilenet_v2,"['features.4', 'features.7', 'features.10']",0.1,1,Completed,
patchcore,visa,pcb2,mobilenet_v2,"['features.4', 'features.7', 'features.10']",0.15,1,Completed,
patchcore,visa,pcb2,mobilenet_v2,"['features.4', 'features.7', 'features.10']",0.2,1,Completed,
patchcore,visa,pcb2,micronet-m1,"[2, 4, 5]",0.0,1,Completed,
patchcore,visa,pcb2,micronet-m1,"[2, 4, 5]",0.1,1,Completed,
patchcore,visa,pcb2,micronet-m1,"[2, 4, 5]",0.15,1,Completed,
patchcore,visa,pcb2,micronet-m1,"[2, 4, 5]",0.2,1,Completed,
patchcore,visa,pcb2,mcunet-in3,"[3, 6, 9]",0.0,1,Completed,
patchcore,visa,pcb2,mcunet-in3,"[3, 6, 9]",0.1,1,Completed,
patchcore,visa,pcb2,mcunet-in3,"[3, 6, 9]",0.15,1,Completed,
patchcore,visa,pcb2,mcunet-in3,"[3, 6, 9]",0.2,1,Completed,
patchcore,visa,pcb2,resnet18,"['layer1', 'layer2', 'layer3']",0.0,1,Completed,
patchcore,visa,pcb2,resnet18,"['layer1', 'layer2', 'layer3']",0.1,1,Completed,
patchcore_quantized,visa,candle,mobilenet_v2,"['features.4', 'features.7', 'features.10']",0.0,1,Completed,
patchcore_quantized,visa,candle,mobilenet_v2,"['features.4', 'features.7', 'features.10']",0.1,1,Completed,
patchcore_quantized,visa,candle,mobilenet_v2,"['features.4', 'features.7', 'features.10']",0.15,1,Completed,
patchcore_quantized,visa,candle,mobilenet_v2,"['features.4', 'features.7', 'features.10']",0.2,1,Completed,
patchcore_quantized,visa,candle,micronet-m1,"[2, 4, 5]",0.0,1,Completed,
patchcore_quantized,visa,candle,micronet-m1,"[2, 4, 5]",0.1,1,Completed,
patchcore_quantized,visa,candle,micronet-m1,"[2, 4, 5]",0.15,1,Completed,
patchcore_quantized,visa,candle,micronet-m1,"[2, 4, 5]",0.2,1,Completed,
patchcore_quantized,visa,candle,mcunet-in3,"[3, 6, 9]",0.0,1,Completed,
patchcore_quantized,visa,candle,mcunet-in3,"[3, 6, 9]",0.1,1,Completed,
patchcore_quantized,visa,candle,mcunet-in3,"[3, 6, 9]",0.15,1,Completed,
patchcore_quantized,visa,candle,mcunet-in3,"[3, 6, 9]",0.2,1,Completed,
patchcore_quantized,visa,candle,resnet18,"['layer1', 'layer2', 'layer3']",0.0,1,Completed,
patchcore_quantized,visa,candle,resnet18,"['layer1', 'layer2', 'layer3']",0.1,1,Completed,
patchcore_quantized,visa,candle,resnet18,"['layer1', 'layer2', 'layer3']",0.15,1,Completed,
patchcore_quantized,visa,candle,resnet18,"['layer1', 'layer2', 'layer3']",0.2,1,Completed,
patchcore_quantized,visa,capsules,mobilenet_v2,"['features.4', 'features.7', 'features.10']",0.0,1,Completed,
patchcore_quantized,visa,capsules,mobilenet_v2,"['features.4', 'features.7', 'features.10']",0.1,1,Completed,
patchcore_quantized,visa,capsules,mobilenet_v2,"['features.4', 'features.7', 'features.10']",0.15,1,Completed,
patchcore_quantized,visa,capsules,mobilenet_v2,"['features.4', 'features.7', 'features.10']",0.2,1,Completed,
patchcore_quantized,visa,capsules,micronet-m1,"[2, 4, 5]",0.0,1,Completed,
patchcore_quantized,visa,capsules,micronet-m1,"[2, 4, 5]",0.1,1,Completed,
patchcore_quantized,visa,capsules,micronet-m1,"[2, 4, 5]",0.15,1,Completed,
patchcore_quantized,visa,capsules,micronet-m1,"[2, 4, 5]",0.2,1,Completed,
patchcore_quantized,visa,capsules,mcunet-in3,"[3, 6, 9]",0.0,1,Completed,
patchcore_quantized,visa,capsules,mcunet-in3,"[3, 6, 9]",0.1,1,Completed,
patchcore_quantized,visa,capsules,mcunet-in3,"[3, 6, 9]",0.15,1,Completed,
patchcore_quantized,visa,capsules,mcunet-in3,"[3, 6, 9]",0.2,1,Completed,
patchcore_quantized,visa,capsules,resnet18,"['layer1', 'layer2', 'layer3']",0.0,1,Completed,
patchcore_quantized,visa,capsules,resnet18,"['layer1', 'layer2', 'layer3']",0.1,1,Completed,
patchcore_quantized,visa,capsules,resnet18,"['layer1', 'layer2', 'layer3']",0.15,1,Completed,
patchcore_quantized,visa,capsules,resnet18,"['layer1', 'layer2', 'layer3']",0.2,1,Completed,
patchcore_quantized,visa,cashew,mobilenet_v2,"['features.4', 'features.7', 'features.10']",0.0,1,Completed,
patchcore_quantized,visa,cashew,mobilenet_v2,"['features.4', 'features.7', 'features.10']",0.1,1,Completed,
patchcore_quantized,visa,cashew,mobilenet_v2,"['features.4', 'features.7', 'features.10']",0.15,1,Completed,
patchcore_quantized,visa,cashew,mobilenet_v2,"['features.4', 'features.7', 'features.10']",0.2,1,Completed,
patchcore_quantized,visa,cashew,micronet-m1,"[2, 4, 5]",0.0,1,Completed,
patchcore_quantized,visa,cashew,micronet-m1,"[2, 4, 5]",0.1,1,Completed,
patchcore_quantized,visa,cashew,micronet-m1,"[2, 4, 5]",0.15,1,Completed,
patchcore_quantized,visa,cashew,micronet-m1,"[2, 4, 5]",0.2,1,Completed,
patchcore_quantized,visa,cashew,mcunet-in3,"[3, 6, 9]",0.0,1,Completed,
patchcore_quantized,visa,cashew,mcunet-in3,"[3, 6, 9]",0.1,1,Completed,
patchcore_quantized,visa,cashew,mcunet-in3,"[3, 6, 9]",0.15,1,Completed,
patchcore_quantized,visa,cashew,mcunet-in3,"[3, 6, 9]",0.2,1,Completed,
patchcore_quantized,visa,cashew,resnet18,"['layer1', 'layer2', 'layer3']",0.0,1,Completed,
patchcore_quantized,visa,cashew,resnet18,"['layer1', 'layer2', 'layer3']",0.1,1,Completed,
patchcore_quantized,visa,cashew,resnet18,"['layer1', 'layer2', 'layer3']",0.15,1,Completed,
patchcore_quantized,visa,cashew,resnet18,"['layer1', 'layer2', 'layer3']",0.2,1,Completed,
patchcore_quantized,visa,chewinggum,mobilenet_v2,"['features.4', 'features.7', 'features.10']",0.0,1,Completed,
patchcore_quantized,visa,chewinggum,mobilenet_v2,"['features.4', 'features.7', 'features.10']",0.1,1,Completed,
patchcore_quantized,visa,chewinggum,mobilenet_v2,"['features.4', 'features.7', 'features.10']",0.15,1,Completed,
patchcore_quantized,visa,chewinggum,mobilenet_v2,"['features.4', 'features.7', 'features.10']",0.2,1,Completed,
patchcore_quantized,visa,chewinggum,micronet-m1,"[2, 4, 5]",0.0,1,Completed,
patchcore_quantized,visa,chewinggum,micronet-m1,"[2, 4, 5]",0.1,1,Completed,
patchcore_quantized,visa,chewinggum,micronet-m1,"[2, 4, 5]",0.15,1,Completed,
patchcore_quantized,visa,chewinggum,micronet-m1,"[2, 4, 5]",0.2,1,Completed,
patchcore_quantized,visa,chewinggum,mcunet-in3,"[3, 6, 9]",0.0,1,Completed,
patchcore_quantized,visa,chewinggum,mcunet-in3,"[3, 6, 9]",0.1,1,Completed,
patchcore_quantized,visa,chewinggum,mcunet-in3,"[3, 6, 9]",0.15,1,Completed,
patchcore_quantized,visa,chewinggum,mcunet-in3,"[3, 6, 9]",0.2,1,Completed,
patchcore_quantized,visa,chewinggum,resnet18,"['layer1', 'layer2', 'layer3']",0.0,1,Completed,
patchcore_quantized,visa,chewinggum,resnet18,"['layer1', 'layer2', 'layer3']",0.1,1,Completed,
patchcore_quantized,visa,chewinggum,resnet18,"['layer1', 'layer2', 'layer3']",0.15,1,Completed,
patchcore_quantized,visa,chewinggum,resnet18,"['layer1', 'layer2', 'layer3']",0.2,1,Completed,
patchcore_quantized,visa,fryum,mobilenet_v2,"['features.4', 'features.7', 'features.10']",0.0,1,Completed,
patchcore_quantized,visa,fryum,mobilenet_v2,"['features.4', 'features.7', 'features.10']",0.1,1,Completed,
patchcore_quantized,visa,fryum,mobilenet_v2,"['features.4', 'features.7', 'features.10']",0.15,1,Completed,
patchcore_quantized,visa,fryum,mobilenet_v2,"['features.4', 'features.7', 'features.10']",0.2,1,Completed,
patchcore_quantized,visa,fryum,micronet-m1,"[2, 4, 5]",0.0,1,Completed,
patchcore_quantized,visa,fryum,micronet-m1,"[2, 4, 5]",0.1,1,Completed,
patchcore_quantized,visa,fryum,micronet-m1,"[2, 4, 5]",0.15,1,Completed,
patchcore_quantized,visa,fryum,micronet-m1,"[2, 4, 5]",0.2,1,Completed,
patchcore_quantized,visa,fryum,mcunet-in3,"[3, 6, 9]",0.0,1,Completed,
patchcore_quantized,visa,fryum,mcunet-in3,"[3, 6, 9]",0.1,1,Completed,
patchcore_quantized,visa,fryum,mcunet-in3,"[3, 6, 9]",0.15,1,Completed,
patchcore_quantized,visa,fryum,mcunet-in3,"[3, 6, 9]",0.2,1,Completed,
patchcore_quantized,visa,fryum,resnet18,"['layer1', 'layer2', 'layer3']",0.0,1,Completed,
patchcore_quantized,visa,fryum,resnet18,"['layer1', 'layer2', 'layer3']",0.1,1,Completed,
patchcore_quantized,visa,fryum,resnet18,"['layer1', 'layer2', 'layer3']",0.15,1,Completed,
patchcore_quantized,visa,fryum,resnet18,"['layer1', 'layer2', 'layer3']",0.2,1,Completed,
patchcore_quantized,visa,macaroni1,mobilenet_v2,"['features.4', 'features.7', 'features.10']",0.0,1,Completed,
patchcore_quantized,visa,macaroni1,mobilenet_v2,"['features.4', 'features.7', 'features.10']",0.1,1,Completed,
patchcore_quantized,visa,macaroni1,mobilenet_v2,"['features.4', 'features.7', 'features.10']",0.15,1,Completed,
patchcore_quantized,visa,macaroni1,mobilenet_v2,"['features.4', 'features.7', 'features.10']",0.2,1,Completed,
patchcore_quantized,visa,macaroni1,micronet-m1,"[2, 4, 5]",0.0,1,Completed,
patchcore_quantized,visa,macaroni1,micronet-m1,"[2, 4, 5]",0.1,1,Completed,
patchcore_quantized,visa,macaroni1,micronet-m1,"[2, 4, 5]",0.15,1,Completed,
patchcore_quantized,visa,macaroni1,micronet-m1,"[2, 4, 5]",0.2,1,Completed,
patchcore_quantized,visa,macaroni1,mcunet-in3,"[3, 6, 9]",0.0,1,Completed,
patchcore_quantized,visa,macaroni1,mcunet-in3,"[3, 6, 9]",0.1,1,Completed,
patchcore_quantized,visa,macaroni1,mcunet-in3,"[3, 6, 9]",0.15,1,Completed,
patchcore_quantized,visa,macaroni1,mcunet-in3,"[3, 6, 9]",0.2,1,Completed,
patchcore_quantized,visa,macaroni1,resnet18,"['layer1', 'layer2', 'layer3']",0.0,1,Completed,
patchcore_quantized,visa,macaroni1,resnet18,"['layer1', 'layer2', 'layer3']",0.1,1,Completed,
patchcore_quantized,visa,macaroni1,resnet18,"['layer1', 'layer2', 'layer3']",0.15,1,Completed,
patchcore_quantized,visa,macaroni1,resnet18,"['layer1', 'layer2', 'layer3']",0.2,1,Completed,
patchcore_quantized,visa,macaroni2,mobilenet_v2,"['features.4', 'features.7', 'features.10']",0.0,1,Completed,
patchcore_quantized,visa,macaroni2,mobilenet_v2,"['features.4', 'features.7', 'features.10']",0.1,1,Completed,
patchcore_quantized,visa,macaroni2,mobilenet_v2,"['features.4', 'features.7', 'features.10']",0.15,1,Completed,
patchcore_quantized,visa,macaroni2,mobilenet_v2,"['features.4', 'features.7', 'features.10']",0.2,1,Completed,
patchcore_quantized,visa,macaroni2,micronet-m1,"[2, 4, 5]",0.0,1,Completed,
patchcore_quantized,visa,macaroni2,micronet-m1,"[2, 4, 5]",0.1,1,Completed,
patchcore_quantized,visa,macaroni2,micronet-m1,"[2, 4, 5]",0.15,1,Completed,
patchcore_quantized,visa,macaroni2,micronet-m1,"[2, 4, 5]",0.2,1,Completed,
patchcore_quantized,visa,macaroni2,mcunet-in3,"[3, 6, 9]",0.0,1,Completed,
patchcore_quantized,visa,macaroni2,mcunet-in3,"[3, 6, 9]",0.1,1,Completed,
patchcore_quantized,visa,macaroni2,mcunet-in3,"[3, 6, 9]",0.15,1,Completed,
patchcore_quantized,visa,macaroni2,mcunet-in3,"[3, 6, 9]",0.2,1,Completed,
patchcore_quantized,visa,macaroni2,resnet18,"['layer1', 'layer2', 'layer3']",0.0,1,Completed,
patchcore_quantized,visa,macaroni2,resnet18,"['layer1', 'layer2', 'layer3']",0.1,1,Completed,
patchcore_quantized,visa,macaroni2,resnet18,"['layer1', 'layer2', 'layer3']",0.15,1,Completed,
patchcore_quantized,visa,macaroni2,resnet18,"['layer1', 'layer2', 'layer3']",0.2,1,Completed,
patchcore_quantized,visa,pcb1,mobilenet_v2,"['features.4', 'features.7', 'features.10']",0.0,1,Completed,
patchcore_quantized,visa,pcb1,mobilenet_v2,"['features.4', 'features.7', 'features.10']",0.1,1,Completed,
patchcore_quantized,visa,pcb1,mobilenet_v2,"['features.4', 'features.7', 'features.10']",0.15,1,Completed,
patchcore_quantized,visa,pcb1,mobilenet_v2,"['features.4', 'features.7', 'features.10']",0.2,1,Completed,
patchcore_quantized,visa,pcb1,micronet-m1,"[2, 4, 5]",0.0,1,Completed,
patchcore_quantized,visa,pcb1,micronet-m1,"[2, 4, 5]",0.1,1,Completed,
patchcore_quantized,visa,pcb1,micronet-m1,"[2, 4, 5]",0.15,1,Completed,
patchcore_quantized,visa,pcb1,micronet-m1,"[2, 4, 5]",0.2,1,Completed,
patchcore_quantized,visa,pcb1,mcunet-in3,"[3, 6, 9]",0.0,1,Completed,
patchcore_quantized,visa,pcb1,mcunet-in3,"[3, 6, 9]",0.1,1,Completed,
patchcore_quantized,visa,pcb1,mcunet-in3,"[3, 6, 9]",0.15,1,Completed,
patchcore_quantized,visa,pcb1,resnet18,"['layer1', 'layer2', 'layer3']",0.0,1,Completed,
patchcore_quantized,visa,pcb2,mobilenet_v2,"['features.4', 'features.7', 'features.10']",0.0,1,Completed,
patchcore_quantized,visa,pcb2,micronet-m1,"[2, 4, 5]",0.0,1,Completed,
patchcore_quantized,visa,pcb2,mcunet-in3,"[3, 6, 9]",0.0,1,Completed,
patchcore_quantized,visa,pcb2,resnet18,"['layer1', 'layer2', 'layer3']",0.0,1,Completed,
patchcore_quantized,visa,pcb3,mobilenet_v2,"['features.4', 'features.7', 'features.10']",0.0,1,Completed,
patchcore_quantized,visa,pcb3,micronet-m1,"[2, 4, 5]",0.0,1,Completed,
patchcore_quantized,visa,pcb3,mcunet-in3,"[3, 6, 9]",0.0,1,Completed,
patchcore_quantized,visa,pcb3,resnet18,"['layer1', 'layer2', 'layer3']",0.0,1,Completed,
patchcore_quantized,visa,pcb4,mobilenet_v2,"['features.4', 'features.7', 'features.10']",0.0,1,Completed,
patchcore_quantized,visa,pcb4,micronet-m1,"[2, 4, 5]",0.0,1,Completed,
patchcore_quantized,visa,pcb4,mcunet-in3,"[3, 6, 9]",0.0,1,Completed,
patchcore_quantized,visa,pcb4,resnet18,"['layer1', 'layer2', 'layer3']",0.0,1,Completed,
patchcore_quantized,visa,pipe_fryum,mobilenet_v2,"['features.4', 'features.7', 'features.10']",0.0,1,Completed,
patchcore_quantized,visa,pipe_fryum,micronet-m1,"[2, 4, 5]",0.0,1,Completed,
patchcore_quantized,visa,pipe_fryum,mcunet-in3,"[3, 6, 9]",0.0,1,Completed,
patchcore_quantized,visa,pipe_fryum,resnet18,"['layer1', 'layer2', 'layer3']",0.0,1,Completed,
stfpm,visa,candle,mobilenet_v2,"[[8, 9], [10, 11, 12]]",0.0,1,Completed,
stfpm,visa,candle,mobilenet_v2,"[[8, 9], [10, 11, 12]]",0.1,1,Completed,
stfpm,visa,candle,wide_resnet50_2,"[[3, 4, 5], [6, 7, 8]]",0.0,1,Completed,
stfpm,visa,candle,wide_resnet50_2,"[[3, 4, 5], [6, 7, 8]]",0.1,1,Completed,
stfpm,visa,candle,phinet_1.2_0.5_6_downsampling,"[[2, 6, 7], [8, 9, 10]]",0.0,1,Completed,
stfpm,visa,candle,phinet_1.2_0.5_6_downsampling,"[[2, 6, 7], [8, 9, 10]]",0.1,1,Completed,
stfpm,visa,candle,micronet-m1,"[[2, 4, 5], [6, 8, 9]]",0.0,1,Completed,
stfpm,visa,candle,micronet-m1,"[[2, 4, 5], [6, 8, 9]]",0.1,1,Completed,
stfpm,visa,candle,mcunet-in3,"[[3, 6, 9], [12, 15, 18]]",0.0,1,Completed,
stfpm,visa,candle,mcunet-in3,"[[3, 6, 9], [12, 15, 18]]",0.1,1,Completed,
stfpm,visa,capsules,mobilenet_v2,"[[8, 9], [10, 11, 12]]",0.0,1,Completed,
stfpm,visa,capsules,mobilenet_v2,"[[8, 9], [10, 11, 12]]",0.1,1,Completed,
stfpm,visa,capsules,mobilenet_v2,"[[8, 9], [10, 11, 12]]",0.15,1,Completed,
stfpm,visa,capsules,wide_resnet50_2,"[[3, 4, 5], [6, 7, 8]]",0.0,1,Completed,
stfpm,visa,capsules,wide_resnet50_2,"[[3, 4, 5], [6, 7, 8]]",0.1,1,Completed,
stfpm,visa,capsules,wide_resnet50_2,"[[3, 4, 5], [6, 7, 8]]",0.15,1,Completed,
stfpm,visa,capsules,phinet_1.2_0.5_6_downsampling,"[[2, 6, 7], [8, 9, 10]]",0.0,1,Completed,
stfpm,visa,capsules,phinet_1.2_0.5_6_downsampling,"[[2, 6, 7], [8, 9, 10]]",0.1,1,Completed,
stfpm,visa,capsules,phinet_1.2_0.5_6_downsampling,"[[2, 6, 7], [8, 9, 10]]",0.15,1,Completed,
stfpm,visa,capsules,micronet-m1,"[[2, 4, 5], [6, 8, 9]]",0.0,1,Completed,
stfpm,visa,capsules,micronet-m1,"[[2, 4, 5], [6, 8, 9]]",0.1,1,Completed,
stfpm,visa,capsules,micronet-m1,"[[2, 4, 5], [6, 8, 9]]",0.15,1,Completed,
stfpm,visa,capsules,mcunet-in3,"[[3, 6, 9], [12, 15, 18]]",0.0,1,Completed,
stfpm,visa,capsules,mcunet-in3,"[[3, 6, 9], [12, 15, 18]]",0.1,1,Completed,
stfpm,visa,capsules,mcunet-in3,"[[3, 6, 9], [12, 15, 18]]",0.15,1,Completed,
stfpm,visa,cashew,mobilenet_v2,"[[8, 9], [10, 11, 12]]",0.0,1,Completed,
stfpm,visa,cashew,mobilenet_v2,"[[8, 9], [10, 11, 12]]",0.1,1,Completed,
stfpm,visa,cashew,mobilenet_v2,"[[8, 9], [10, 11, 12]]",0.15,1,Completed,
stfpm,visa,cashew,mobilenet_v2,"[[8, 9], [10, 11, 12]]",0.2,1,Completed,
stfpm,visa,cashew,wide_resnet50_2,"[[3, 4, 5], [6, 7, 8]]",0.0,1,Completed,
stfpm,visa,cashew,wide_resnet50_2,"[[3, 4, 5], [6, 7, 8]]",0.1,1,Completed,
stfpm,visa,cashew,wide_resnet50_2,"[[3, 4, 5], [6, 7, 8]]",0.15,1,Completed,
stfpm,visa,cashew,wide_resnet50_2,"[[3, 4, 5], [6, 7, 8]]",0.2,1,Completed,
stfpm,visa,cashew,phinet_1.2_0.5_6_downsampling,"[[2, 6, 7], [8, 9, 10]]",0.0,1,Completed,
stfpm,visa,cashew,phinet_1.2_0.5_6_downsampling,"[[2, 6, 7], [8, 9, 10]]",0.1,1,Completed,
stfpm,visa,cashew,phinet_1.2_0.5_6_downsampling,"[[2, 6, 7], [8, 9, 10]]",0.15,1,Completed,
stfpm,visa,cashew,phinet_1.2_0.5_6_downsampling,"[[2, 6, 7], [8, 9, 10]]",0.2,1,Completed,
stfpm,visa,cashew,micronet-m1,"[[2, 4, 5], [6, 8, 9]]",0.0,1,Completed,
stfpm,visa,cashew,micronet-m1,"[[2, 4, 5], [6, 8, 9]]",0.1,1,Completed,
stfpm,visa,cashew,micronet-m1,"[[2, 4, 5], [6, 8, 9]]",0.15,1,Completed,
stfpm,visa,cashew,micronet-m1,"[[2, 4, 5], [6, 8, 9]]",0.2,1,Completed,
stfpm,visa,cashew,mcunet-in3,"[[3, 6, 9], [12, 15, 18]]",0.0,1,Completed,
stfpm,visa,cashew,mcunet-in3,"[[3, 6, 9], [12, 15, 18]]",0.1,1,Completed,
stfpm,visa,cashew,mcunet-in3,"[[3, 6, 9], [12, 15, 18]]",0.15,1,Completed,
stfpm,visa,cashew,mcunet-in3,"[[3, 6, 9], [12, 15, 18]]",0.2,1,Completed,
stfpm,visa,chewinggum,mobilenet_v2,"[[8, 9], [10, 11, 12]]",0.0,1,Completed,
stfpm,visa,chewinggum,mobilenet_v2,"[[8, 9], [10, 11, 12]]",0.1,1,Completed,
stfpm,visa,chewinggum,mobilenet_v2,"[[8, 9], [10, 11, 12]]",0.15,1,Completed,
stfpm,visa,chewinggum,mobilenet_v2,"[[8, 9], [10, 11, 12]]",0.2,1,Completed,
stfpm,visa,chewinggum,wide_resnet50_2,"[[3, 4, 5], [6, 7, 8]]",0.0,1,Completed,
stfpm,visa,chewinggum,wide_resnet50_2,"[[3, 4, 5], [6, 7, 8]]",0.1,1,Completed,
stfpm,visa,chewinggum,wide_resnet50_2,"[[3, 4, 5], [6, 7, 8]]",0.15,1,Completed,
stfpm,visa,chewinggum,wide_resnet50_2,"[[3, 4, 5], [6, 7, 8]]",0.2,1,Completed,
stfpm,visa,chewinggum,phinet_1.2_0.5_6_downsampling,"[[2, 6, 7], [8, 9, 10]]",0.0,1,Completed,
stfpm,visa,chewinggum,phinet_1.2_0.5_6_downsampling,"[[2, 6, 7], [8, 9, 10]]",0.1,1,Completed,
stfpm,visa,chewinggum,phinet_1.2_0.5_6_downsampling,"[[2, 6, 7], [8, 9, 10]]",0.15,1,Completed,
stfpm,visa,chewinggum,phinet_1.2_0.5_6_downsampling,"[[2, 6, 7], [8, 9, 10]]",0.2,1,Completed,
stfpm,visa,chewinggum,micronet-m1,"[[2, 4, 5], [6, 8, 9]]",0.0,1,Completed,
stfpm,visa,chewinggum,micronet-m1,"[[2, 4, 5], [6, 8, 9]]",0.1,1,Completed,
stfpm,visa,chewinggum,micronet-m1,"[[2, 4, 5], [6, 8, 9]]",0.15,1,Completed,
stfpm,visa,chewinggum,micronet-m1,"[[2, 4, 5], [6, 8, 9]]",0.2,1,Completed,
stfpm,visa,chewinggum,mcunet-in3,"[[3, 6, 9], [12, 15, 18]]",0.0,1,Completed,
stfpm,visa,chewinggum,mcunet-in3,"[[3, 6, 9], [12, 15, 18]]",0.1,1,Completed,
stfpm,visa,chewinggum,mcunet-in3,"[[3, 6, 9], [12, 15, 18]]",0.15,1,Completed,
stfpm,visa,chewinggum,mcunet-in3,"[[3, 6, 9], [12, 15, 18]]",0.2,1,Completed,
stfpm,visa,fryum,mobilenet_v2,"[[8, 9], [10, 11, 12]]",0.0,1,Completed,
stfpm,visa,fryum,mobilenet_v2,"[[8, 9], [10, 11, 12]]",0.1,1,Completed,
stfpm,visa,fryum,mobilenet_v2,"[[8, 9], [10, 11, 12]]",0.15,1,Completed,
stfpm,visa,fryum,mobilenet_v2,"[[8, 9], [10, 11, 12]]",0.2,1,Completed,
stfpm,visa,fryum,wide_resnet50_2,"[[3, 4, 5], [6, 7, 8]]",0.0,1,Completed,
stfpm,visa,fryum,wide_resnet50_2,"[[3, 4, 5], [6, 7, 8]]",0.1,1,Completed,
stfpm,visa,fryum,wide_resnet50_2,"[[3, 4, 5], [6, 7, 8]]",0.15,1,Completed,
stfpm,visa,fryum,wide_resnet50_2,"[[3, 4, 5], [6, 7, 8]]",0.2,1,Completed,
stfpm,visa,fryum,phinet_1.2_0.5_6_downsampling,"[[2, 6, 7], [8, 9, 10]]",0.0,1,Completed,
stfpm,visa,fryum,phinet_1.2_0.5_6_downsampling,"[[2, 6, 7], [8, 9, 10]]",0.1,1,Completed,
stfpm,visa,fryum,phinet_1.2_0.5_6_downsampling,"[[2, 6, 7], [8, 9, 10]]",0.15,1,Completed,
stfpm,visa,fryum,phinet_1.2_0.5_6_downsampling,"[[2, 6, 7], [8, 9, 10]]",0.2,1,Completed,
stfpm,visa,fryum,micronet-m1,"[[2, 4, 5], [6, 8, 9]]",0.0,1,Completed,
stfpm,visa,fryum,micronet-m1,"[[2, 4, 5], [6, 8, 9]]",0.1,1,Completed,
stfpm,visa,fryum,micronet-m1,"[[2, 4, 5], [6, 8, 9]]",0.15,1,Completed,
stfpm,visa,fryum,micronet-m1,"[[2, 4, 5], [6, 8, 9]]",0.2,1,Completed,
stfpm,visa,fryum,mcunet-in3,"[[3, 6, 9], [12, 15, 18]]",0.0,1,Completed,
stfpm,visa,fryum,mcunet-in3,"[[3, 6, 9], [12, 15, 18]]",0.1,1,Completed,
stfpm,visa,fryum,mcunet-in3,"[[3, 6, 9], [12, 15, 18]]",0.15,1,Completed,
stfpm,visa,fryum,mcunet-in3,"[[3, 6, 9], [12, 15, 18]]",0.2,1,Completed,
stfpm,visa,macaroni1,mobilenet_v2,"[[8, 9], [10, 11, 12]]",0.0,1,Completed,
stfpm,visa,macaroni1,mobilenet_v2,"[[8, 9], [10, 11, 12]]",0.1,1,Completed,
stfpm,visa,macaroni1,wide_resnet50_2,"[[3, 4, 5], [6, 7, 8]]",0.0,1,Completed,
stfpm,visa,macaroni1,wide_resnet50_2,"[[3, 4, 5], [6, 7, 8]]",0.1,1,Completed,
stfpm,visa,macaroni1,phinet_1.2_0.5_6_downsampling,"[[2, 6, 7], [8, 9, 10]]",0.0,1,Completed,
stfpm,visa,macaroni1,phinet_1.2_0.5_6_downsampling,"[[2, 6, 7], [8, 9, 10]]",0.1,1,Completed,
stfpm,visa,macaroni1,micronet-m1,"[[2, 4, 5], [6, 8, 9]]",0.0,1,Completed,
stfpm,visa,macaroni1,micronet-m1,"[[2, 4, 5], [6, 8, 9]]",0.1,1,Completed,
stfpm,visa,macaroni1,mcunet-in3,"[[3, 6, 9], [12, 15, 18]]",0.0,1,Completed,
stfpm,visa,macaroni1,mcunet-in3,"[[3, 6, 9], [12, 15, 18]]",0.1,1,Completed,
stfpm,visa,macaroni2,mobilenet_v2,"[[8, 9], [10, 11, 12]]",0.0,1,Completed,
stfpm,visa,macaroni2,mobilenet_v2,"[[8, 9], [10, 11, 12]]",0.1,1,Completed,
stfpm,visa,macaroni2,wide_resnet50_2,"[[3, 4, 5], [6, 7, 8]]",0.0,1,Completed,
stfpm,visa,macaroni2,wide_resnet50_2,"[[3, 4, 5], [6, 7, 8]]",0.1,1,Completed,
stfpm,visa,macaroni2,phinet_1.2_0.5_6_downsampling,"[[2, 6, 7], [8, 9, 10]]",0.0,1,Completed,
stfpm,visa,macaroni2,phinet_1.2_0.5_6_downsampling,"[[2, 6, 7], [8, 9, 10]]",0.1,1,Completed,
stfpm,visa,macaroni2,micronet-m1,"[[2, 4, 5], [6, 8, 9]]",0.0,1,Completed,
stfpm,visa,macaroni2,micronet-m1,"[[2, 4, 5], [6, 8, 9]]",0.1,1,Completed,
stfpm,visa,macaroni2,mcunet-in3,"[[3, 6, 9], [12, 15, 18]]",0.0,1,Completed,
stfpm,visa,macaroni2,mcunet-in3,"[[3, 6, 9], [12, 15, 18]]",0.1,1,Completed,
stfpm,visa,pcb1,mobilenet_v2,"[[8, 9], [10, 11, 12]]",0.0,1,Completed,
stfpm,visa,pcb1,mobilenet_v2,"[[8, 9], [10, 11, 12]]",0.1,1,Completed,
stfpm,visa,pcb1,wide_resnet50_2,"[[3, 4, 5], [6, 7, 8]]",0.0,1,Completed,
stfpm,visa,pcb1,wide_resnet50_2,"[[3, 4, 5], [6, 7, 8]]",0.1,1,Completed,
stfpm,visa,pcb1,phinet_1.2_0.5_6_downsampling,"[[2, 6, 7], [8, 9, 10]]",0.0,1,Completed,
stfpm,visa,pcb1,phinet_1.2_0.5_6_downsampling,"[[2, 6, 7], [8, 9, 10]]",0.1,1,Completed,
stfpm,visa,pcb1,micronet-m1,"[[2, 4, 5], [6, 8, 9]]",0.0,1,Completed,
stfpm,visa,pcb1,micronet-m1,"[[2, 4, 5], [6, 8, 9]]",0.1,1,Completed,
stfpm,visa,pcb1,mcunet-in3,"[[3, 6, 9], [12, 15, 18]]",0.0,1,Completed,
stfpm,visa,pcb1,mcunet-in3,"[[3, 6, 9], [12, 15, 18]]",0.1,1,Completed,
stfpm,visa,pcb2,mobilenet_v2,"[[8, 9], [10, 11, 12]]",0.0,1,Completed,
stfpm,visa,pcb2,mobilenet_v2,"[[8, 9], [10, 11, 12]]",0.1,1,Completed,
stfpm,visa,pcb2,wide_resnet50_2,"[[3, 4, 5], [6, 7, 8]]",0.0,1,Completed,
stfpm,visa,pcb2,wide_resnet50_2,"[[3, 4, 5], [6, 7, 8]]",0.1,1,Completed,
stfpm,visa,pcb2,phinet_1.2_0.5_6_downsampling,"[[2, 6, 7], [8, 9, 10]]",0.0,1,Completed,
stfpm,visa,pcb2,phinet_1.2_0.5_6_downsampling,"[[2, 6, 7], [8, 9, 10]]",0.1,1,Completed,
stfpm,visa,pcb2,micronet-m1,"[[2, 4, 5], [6, 8, 9]]",0.0,1,Completed,
stfpm,visa,pcb2,micronet-m1,"[[2, 4, 5], [6, 8, 9]]",0.1,1,Completed,
stfpm,visa,pcb2,mcunet-in3,"[[3, 6, 9], [12, 15, 18]]",0.0,1,Completed,
stfpm,visa,pcb2,mcunet-in3,"[[3, 6, 9], [12, 15, 18]]",0.1,1,Completed,
stfpm,visa,pcb3,mobilenet_v2,"[[8, 9], [10, 11, 12]]",0.0,1,Completed,
stfpm,visa,pcb3,mobilenet_v2,"[[8, 9], [10, 11, 12]]",0.1,1,Completed,
stfpm,visa,pcb3,wide_resnet50_2,"[[3, 4, 5], [6, 7, 8]]",0.0,1,Completed,
stfpm,visa,pcb3,wide_resnet50_2,"[[3, 4, 5], [6, 7, 8]]",0.1,1,Completed,
stfpm,visa,pcb3,phinet_1.2_0.5_6_downsampling,"[[2, 6, 7], [8, 9, 10]]",0.0,1,Completed,
stfpm,visa,pcb3,phinet_1.2_0.5_6_downsampling,"[[2, 6, 7], [8, 9, 10]]",0.1,1,Completed,
patchcore,visa,pcb2,resnet18,"['layer1', 'layer2', 'layer3']",0.15,0,To run,
patchcore,visa,pcb2,resnet18,"['layer1', 'layer2', 'layer3']",0.2,0,To run,
patchcore,visa,pcb3,mobilenet_v2,"['features.4', 'features.7', 'features.10']",0.0,0,To run,
patchcore,visa,pcb3,mobilenet_v2,"['features.4', 'features.7', 'features.10']",0.1,0,To run,
patchcore,visa,pcb3,mobilenet_v2,"['features.4', 'features.7', 'features.10']",0.15,0,To run,
patchcore,visa,pcb3,mobilenet_v2,"['features.4', 'features.7', 'features.10']",0.2,0,To run,
patchcore,visa,pcb3,micronet-m1,"[2, 4, 5]",0.0,0,To run,
patchcore,visa,pcb3,micronet-m1,"[2, 4, 5]",0.1,0,To run,
patchcore,visa,pcb3,micronet-m1,"[2, 4, 5]",0.15,0,To run,
patchcore,visa,pcb3,micronet-m1,"[2, 4, 5]",0.2,0,To run,
patchcore,visa,pcb3,mcunet-in3,"[3, 6, 9]",0.0,0,To run,
patchcore,visa,pcb3,mcunet-in3,"[3, 6, 9]",0.1,0,To run,
patchcore,visa,pcb3,mcunet-in3,"[3, 6, 9]",0.15,0,To run,
patchcore,visa,pcb3,mcunet-in3,"[3, 6, 9]",0.2,0,To run,
patchcore,visa,pcb3,resnet18,"['layer1', 'layer2', 'layer3']",0.0,0,To run,
patchcore,visa,pcb3,resnet18,"['layer1', 'layer2', 'layer3']",0.1,0,To run,
patchcore,visa,pcb3,resnet18,"['layer1', 'layer2', 'layer3']",0.15,0,To run,
patchcore,visa,pcb3,resnet18,"['layer1', 'layer2', 'layer3']",0.2,0,To run,
patchcore,visa,pcb4,mobilenet_v2,"['features.4', 'features.7', 'features.10']",0.0,0,To run,
patchcore,visa,pcb4,mobilenet_v2,"['features.4', 'features.7', 'features.10']",0.1,0,To run,
patchcore,visa,pcb4,mobilenet_v2,"['features.4', 'features.7', 'features.10']",0.15,0,To run,
patchcore,visa,pcb4,mobilenet_v2,"['features.4', 'features.7', 'features.10']",0.2,0,To run,
patchcore,visa,pcb4,micronet-m1,"[2, 4, 5]",0.0,0,To run,
patchcore,visa,pcb4,micronet-m1,"[2, 4, 5]",0.1,0,To run,
patchcore,visa,pcb4,micronet-m1,"[2, 4, 5]",0.15,0,To run,
patchcore,visa,pcb4,micronet-m1,"[2, 4, 5]",0.2,0,To run,
patchcore,visa,pcb4,mcunet-in3,"[3, 6, 9]",0.0,0,To run,
patchcore,visa,pcb4,mcunet-in3,"[3, 6, 9]",0.1,0,To run,
patchcore,visa,pcb4,mcunet-in3,"[3, 6, 9]",0.15,0,To run,
patchcore,visa,pcb4,mcunet-in3,"[3, 6, 9]",0.2,0,To run,
patchcore,visa,pcb4,resnet18,"['layer1', 'layer2', 'layer3']",0.0,0,To run,
patchcore,visa,pcb4,resnet18,"['layer1', 'layer2', 'layer3']",0.1,0,To run,
patchcore,visa,pcb4,resnet18,"['layer1', 'layer2', 'layer3']",0.15,0,To run,
patchcore,visa,pcb4,resnet18,"['layer1', 'layer2', 'layer3']",0.2,0,To run,
patchcore,visa,pipe_fryum,mobilenet_v2,"['features.4', 'features.7', 'features.10']",0.0,0,To run,
patchcore,visa,pipe_fryum,mobilenet_v2,"['features.4', 'features.7', 'features.10']",0.1,0,To run,
patchcore,visa,pipe_fryum,mobilenet_v2,"['features.4', 'features.7', 'features.10']",0.15,0,To run,
patchcore,visa,pipe_fryum,mobilenet_v2,"['features.4', 'features.7', 'features.10']",0.2,0,To run,
patchcore,visa,pipe_fryum,micronet-m1,"[2, 4, 5]",0.0,0,To run,
patchcore,visa,pipe_fryum,micronet-m1,"[2, 4, 5]",0.1,0,To run,
patchcore,visa,pipe_fryum,micronet-m1,"[2, 4, 5]",0.15,0,To run,
patchcore,visa,pipe_fryum,micronet-m1,"[2, 4, 5]",0.2,0,To run,
patchcore,visa,pipe_fryum,mcunet-in3,"[3, 6, 9]",0.0,0,To run,
patchcore,visa,pipe_fryum,mcunet-in3,"[3, 6, 9]",0.1,0,To run,
patchcore,visa,pipe_fryum,mcunet-in3,"[3, 6, 9]",0.15,0,To run,
patchcore,visa,pipe_fryum,mcunet-in3,"[3, 6, 9]",0.2,0,To run,
patchcore,visa,pipe_fryum,resnet18,"['layer1', 'layer2', 'layer3']",0.0,0,To run,
patchcore,visa,pipe_fryum,resnet18,"['layer1', 'layer2', 'layer3']",0.1,0,To run,
patchcore,visa,pipe_fryum,resnet18,"['layer1', 'layer2', 'layer3']",0.15,0,To run,
patchcore,visa,pipe_fryum,resnet18,"['layer1', 'layer2', 'layer3']",0.2,0,To run,
padim,visa,candle,resnet18,"['layer1', 'layer2', 'layer3']",0.0,0,To run,
padim,visa,candle,resnet18,"['layer1', 'layer2', 'layer3']",0.1,0,To run,
padim,visa,candle,resnet18,"['layer1', 'layer2', 'layer3']",0.15,0,To run,
padim,visa,candle,resnet18,"['layer1', 'layer2', 'layer3']",0.2,0,To run,
padim,visa,capsules,resnet18,"['layer1', 'layer2', 'layer3']",0.0,0,To run,
padim,visa,capsules,resnet18,"['layer1', 'layer2', 'layer3']",0.1,0,To run,
padim,visa,capsules,resnet18,"['layer1', 'layer2', 'layer3']",0.15,0,To run,
padim,visa,capsules,resnet18,"['layer1', 'layer2', 'layer3']",0.2,0,To run,
padim,visa,cashew,resnet18,"['layer1', 'layer2', 'layer3']",0.0,0,To run,
padim,visa,cashew,resnet18,"['layer1', 'layer2', 'layer3']",0.1,0,To run,
padim,visa,cashew,resnet18,"['layer1', 'layer2', 'layer3']",0.15,0,To run,
padim,visa,cashew,resnet18,"['layer1', 'layer2', 'layer3']",0.2,0,To run,
padim,visa,chewinggum,resnet18,"['layer1', 'layer2', 'layer3']",0.0,0,To run,
padim,visa,chewinggum,resnet18,"['layer1', 'layer2', 'layer3']",0.1,0,To run,
padim,visa,chewinggum,resnet18,"['layer1', 'layer2', 'layer3']",0.15,0,To run,
padim,visa,chewinggum,resnet18,"['layer1', 'layer2', 'layer3']",0.2,0,To run,
padim,visa,fryum,resnet18,"['layer1', 'layer2', 'layer3']",0.0,0,To run,
padim,visa,fryum,resnet18,"['layer1', 'layer2', 'layer3']",0.1,0,To run,
padim,visa,fryum,resnet18,"['layer1', 'layer2', 'layer3']",0.15,0,To run,
padim,visa,fryum,resnet18,"['layer1', 'layer2', 'layer3']",0.2,0,To run,
padim,visa,macaroni1,resnet18,"['layer1', 'layer2', 'layer3']",0.0,0,To run,
padim,visa,macaroni1,resnet18,"['layer1', 'layer2', 'layer3']",0.1,0,To run,
padim,visa,macaroni1,resnet18,"['layer1', 'layer2', 'layer3']",0.15,0,To run,
padim,visa,macaroni1,resnet18,"['layer1', 'layer2', 'layer3']",0.2,0,To run,
padim,visa,macaroni2,resnet18,"['layer1', 'layer2', 'layer3']",0.0,0,To run,
padim,visa,macaroni2,resnet18,"['layer1', 'layer2', 'layer3']",0.1,0,To run,
padim,visa,macaroni2,resnet18,"['layer1', 'layer2', 'layer3']",0.15,0,To run,
padim,visa,macaroni2,resnet18,"['layer1', 'layer2', 'layer3']",0.2,0,To run,
padim,visa,pcb1,resnet18,"['layer1', 'layer2', 'layer3']",0.0,0,To run,
padim,visa,pcb1,resnet18,"['layer1', 'layer2', 'layer3']",0.1,0,To run,
padim,visa,pcb1,resnet18,"['layer1', 'layer2', 'layer3']",0.15,0,To run,
padim,visa,pcb1,resnet18,"['layer1', 'layer2', 'layer3']",0.2,0,To run,
padim,visa,pcb2,resnet18,"['layer1', 'layer2', 'layer3']",0.0,0,To run,
padim,visa,pcb2,resnet18,"['layer1', 'layer2', 'layer3']",0.1,0,To run,
padim,visa,pcb2,resnet18,"['layer1', 'layer2', 'layer3']",0.15,0,To run,
padim,visa,pcb2,resnet18,"['layer1', 'layer2', 'layer3']",0.2,0,To run,
padim,visa,pcb3,resnet18,"['layer1', 'layer2', 'layer3']",0.0,0,To run,
padim,visa,pcb3,resnet18,"['layer1', 'layer2', 'layer3']",0.1,0,To run,
padim,visa,pcb3,resnet18,"['layer1', 'layer2', 'layer3']",0.15,0,To run,
padim,visa,pcb3,resnet18,"['layer1', 'layer2', 'layer3']",0.2,0,To run,
padim,visa,pcb4,resnet18,"['layer1', 'layer2', 'layer3']",0.0,0,To run,
padim,visa,pcb4,resnet18,"['layer1', 'layer2', 'layer3']",0.1,0,To run,
padim,visa,pcb4,resnet18,"['layer1', 'layer2', 'layer3']",0.15,0,To run,
padim,visa,pcb4,resnet18,"['layer1', 'layer2', 'layer3']",0.2,0,To run,
padim,visa,pipe_fryum,resnet18,"['layer1', 'layer2', 'layer3']",0.0,0,To run,
padim,visa,pipe_fryum,resnet18,"['layer1', 'layer2', 'layer3']",0.1,0,To run,
padim,visa,pipe_fryum,resnet18,"['layer1', 'layer2', 'layer3']",0.15,0,To run,
padim,visa,pipe_fryum,resnet18,"['layer1', 'layer2', 'layer3']",0.2,0,To run,
cfa,visa,candle,mobilenet_v2,"['features.4', 'features.7', 'features.10']",0.15,0,To run,
cfa,visa,candle,mobilenet_v2,"['features.4', 'features.7', 'features.10']",0.2,0,To run,
cfa,visa,candle,micronet-m1,"[2, 4, 5]",0.15,0,To run,
cfa,visa,candle,micronet-m1,"[2, 4, 5]",0.2,0,To run,
cfa,visa,candle,mcunet-in3,"[3, 6, 9]",0.15,0,To run,
cfa,visa,candle,mcunet-in3,"[3, 6, 9]",0.2,0,To run,
cfa,visa,candle,resnet18,"['layer1', 'layer2', 'layer3']",0.15,0,To run,
cfa,visa,candle,resnet18,"['layer1', 'layer2', 'layer3']",0.2,0,To run,
cfa,visa,capsules,mobilenet_v2,"['features.4', 'features.7', 'features.10']",0.2,0,To run,
cfa,visa,capsules,micronet-m1,"[2, 4, 5]",0.2,0,To run,
cfa,visa,capsules,mcunet-in3,"[3, 6, 9]",0.2,0,To run,
cfa,visa,capsules,resnet18,"['layer1', 'layer2', 'layer3']",0.2,0,To run,
cfa,visa,macaroni1,mobilenet_v2,"['features.4', 'features.7', 'features.10']",0.15,0,To run,
cfa,visa,macaroni1,mobilenet_v2,"['features.4', 'features.7', 'features.10']",0.2,0,To run,
cfa,visa,macaroni1,micronet-m1,"[2, 4, 5]",0.15,0,To run,
cfa,visa,macaroni1,micronet-m1,"[2, 4, 5]",0.2,0,To run,
cfa,visa,macaroni1,mcunet-in3,"[3, 6, 9]",0.15,0,To run,
cfa,visa,macaroni1,mcunet-in3,"[3, 6, 9]",0.2,0,To run,
cfa,visa,macaroni1,resnet18,"['layer1', 'layer2', 'layer3']",0.15,0,To run,
cfa,visa,macaroni1,resnet18,"['layer1', 'layer2', 'layer3']",0.2,0,To run,
cfa,visa,macaroni2,mobilenet_v2,"['features.4', 'features.7', 'features.10']",0.15,0,To run,
cfa,visa,macaroni2,mobilenet_v2,"['features.4', 'features.7', 'features.10']",0.2,0,To run,
cfa,visa,macaroni2,micronet-m1,"[2, 4, 5]",0.15,0,To run,
cfa,visa,macaroni2,micronet-m1,"[2, 4, 5]",0.2,0,To run,
cfa,visa,macaroni2,mcunet-in3,"[3, 6, 9]",0.15,0,To run,
cfa,visa,macaroni2,mcunet-in3,"[3, 6, 9]",0.2,0,To run,
cfa,visa,macaroni2,resnet18,"['layer1', 'layer2', 'layer3']",0.15,0,To run,
cfa,visa,macaroni2,resnet18,"['layer1', 'layer2', 'layer3']",0.2,0,To run,
cfa,visa,pcb1,mobilenet_v2,"['features.4', 'features.7', 'features.10']",0.15,0,To run,
cfa,visa,pcb1,mobilenet_v2,"['features.4', 'features.7', 'features.10']",0.2,0,To run,
cfa,visa,pcb1,micronet-m1,"[2, 4, 5]",0.15,0,To run,
cfa,visa,pcb1,micronet-m1,"[2, 4, 5]",0.2,0,To run,
cfa,visa,pcb1,mcunet-in3,"[3, 6, 9]",0.15,0,To run,
cfa,visa,pcb1,mcunet-in3,"[3, 6, 9]",0.2,0,To run,
cfa,visa,pcb1,resnet18,"['layer1', 'layer2', 'layer3']",0.15,0,To run,
cfa,visa,pcb1,resnet18,"['layer1', 'layer2', 'layer3']",0.2,0,To run,
cfa,visa,pcb2,mobilenet_v2,"['features.4', 'features.7', 'features.10']",0.15,0,To run,
cfa,visa,pcb2,mobilenet_v2,"['features.4', 'features.7', 'features.10']",0.2,0,To run,
cfa,visa,pcb2,micronet-m1,"[2, 4, 5]",0.15,0,To run,
cfa,visa,pcb2,micronet-m1,"[2, 4, 5]",0.2,0,To run,
cfa,visa,pcb2,mcunet-in3,"[3, 6, 9]",0.15,0,To run,
cfa,visa,pcb2,mcunet-in3,"[3, 6, 9]",0.2,0,To run,
cfa,visa,pcb2,resnet18,"['layer1', 'layer2', 'layer3']",0.15,0,To run,
cfa,visa,pcb2,resnet18,"['layer1', 'layer2', 'layer3']",0.2,0,To run,
cfa,visa,pcb3,mobilenet_v2,"['features.4', 'features.7', 'features.10']",0.15,0,To run,
cfa,visa,pcb3,mobilenet_v2,"['features.4', 'features.7', 'features.10']",0.2,0,To run,
cfa,visa,pcb3,micronet-m1,"[2, 4, 5]",0.15,0,To run,
cfa,visa,pcb3,micronet-m1,"[2, 4, 5]",0.2,0,To run,
cfa,visa,pcb3,mcunet-in3,"[3, 6, 9]",0.15,0,To run,
cfa,visa,pcb3,mcunet-in3,"[3, 6, 9]",0.2,0,To run,
cfa,visa,pcb3,resnet18,"['layer1', 'layer2', 'layer3']",0.15,0,To run,
cfa,visa,pcb3,resnet18,"['layer1', 'layer2', 'layer3']",0.2,0,To run,
cfa,visa,pcb4,mobilenet_v2,"['features.4', 'features.7', 'features.10']",0.15,0,To run,
cfa,visa,pcb4,mobilenet_v2,"['features.4', 'features.7', 'features.10']",0.2,0,To run,
cfa,visa,pcb4,micronet-m1,"[2, 4, 5]",0.15,0,To run,
cfa,visa,pcb4,micronet-m1,"[2, 4, 5]",0.2,0,To run,
cfa,visa,pcb4,mcunet-in3,"[3, 6, 9]",0.15,0,To run,
cfa,visa,pcb4,mcunet-in3,"[3, 6, 9]",0.2,0,To run,
cfa,visa,pcb4,resnet18,"['layer1', 'layer2', 'layer3']",0.15,0,To run,
cfa,visa,pcb4,resnet18,"['layer1', 'layer2', 'layer3']",0.2,0,To run,
patchcore,visa,pcb2,resnet18,"['layer1', 'layer2', 'layer3']",0.15,0,To run,
patchcore,visa,pcb2,resnet18,"['layer1', 'layer2', 'layer3']",0.2,0,To run,
patchcore,visa,pcb3,mobilenet_v2,"['features.4', 'features.7', 'features.10']",0.0,0,To run,
patchcore,visa,pcb3,mobilenet_v2,"['features.4', 'features.7', 'features.10']",0.1,0,To run,
patchcore,visa,pcb3,mobilenet_v2,"['features.4', 'features.7', 'features.10']",0.15,0,To run,
patchcore,visa,pcb3,mobilenet_v2,"['features.4', 'features.7', 'features.10']",0.2,0,To run,
patchcore,visa,pcb3,micronet-m1,"[2, 4, 5]",0.0,0,To run,
patchcore,visa,pcb3,micronet-m1,"[2, 4, 5]",0.1,0,To run,
patchcore,visa,pcb3,micronet-m1,"[2, 4, 5]",0.15,0,To run,
patchcore,visa,pcb3,micronet-m1,"[2, 4, 5]",0.2,0,To run,
patchcore,visa,pcb3,mcunet-in3,"[3, 6, 9]",0.0,0,To run,
patchcore,visa,pcb3,mcunet-in3,"[3, 6, 9]",0.1,0,To run,
patchcore,visa,pcb3,mcunet-in3,"[3, 6, 9]",0.15,0,To run,
patchcore,visa,pcb3,mcunet-in3,"[3, 6, 9]",0.2,0,To run,
patchcore,visa,pcb3,resnet18,"['layer1', 'layer2', 'layer3']",0.0,0,To run,
patchcore,visa,pcb3,resnet18,"['layer1', 'layer2', 'layer3']",0.1,0,To run,
patchcore,visa,pcb3,resnet18,"['layer1', 'layer2', 'layer3']",0.15,0,To run,
patchcore,visa,pcb3,resnet18,"['layer1', 'layer2', 'layer3']",0.2,0,To run,
patchcore,visa,pcb4,mobilenet_v2,"['features.4', 'features.7', 'features.10']",0.0,0,To run,
patchcore,visa,pcb4,mobilenet_v2,"['features.4', 'features.7', 'features.10']",0.1,0,To run,
patchcore,visa,pcb4,mobilenet_v2,"['features.4', 'features.7', 'features.10']",0.15,0,To run,
patchcore,visa,pcb4,mobilenet_v2,"['features.4', 'features.7', 'features.10']",0.2,0,To run,
patchcore,visa,pcb4,micronet-m1,"[2, 4, 5]",0.0,0,To run,
patchcore,visa,pcb4,micronet-m1,"[2, 4, 5]",0.1,0,To run,
patchcore,visa,pcb4,micronet-m1,"[2, 4, 5]",0.15,0,To run,
patchcore,visa,pcb4,micronet-m1,"[2, 4, 5]",0.2,0,To run,
patchcore,visa,pcb4,mcunet-in3,"[3, 6, 9]",0.0,0,To run,
patchcore,visa,pcb4,mcunet-in3,"[3, 6, 9]",0.1,0,To run,
patchcore,visa,pcb4,mcunet-in3,"[3, 6, 9]",0.15,0,To run,
patchcore,visa,pcb4,mcunet-in3,"[3, 6, 9]",0.2,0,To run,
patchcore,visa,pcb4,resnet18,"['layer1', 'layer2', 'layer3']",0.0,0,To run,
patchcore,visa,pcb4,resnet18,"['layer1', 'layer2', 'layer3']",0.1,0,To run,
patchcore,visa,pcb4,resnet18,"['layer1', 'layer2', 'layer3']",0.15,0,To run,
patchcore,visa,pcb4,resnet18,"['layer1', 'layer2', 'layer3']",0.2,0,To run,
patchcore,visa,pipe_fryum,mobilenet_v2,"['features.4', 'features.7', 'features.10']",0.0,0,To run,
patchcore,visa,pipe_fryum,mobilenet_v2,"['features.4', 'features.7', 'features.10']",0.1,0,To run,
patchcore,visa,pipe_fryum,mobilenet_v2,"['features.4', 'features.7', 'features.10']",0.15,0,To run,
patchcore,visa,pipe_fryum,mobilenet_v2,"['features.4', 'features.7', 'features.10']",0.2,0,To run,
patchcore,visa,pipe_fryum,micronet-m1,"[2, 4, 5]",0.0,0,To run,
patchcore,visa,pipe_fryum,micronet-m1,"[2, 4, 5]",0.1,0,To run,
patchcore,visa,pipe_fryum,micronet-m1,"[2, 4, 5]",0.15,0,To run,
patchcore,visa,pipe_fryum,micronet-m1,"[2, 4, 5]",0.2,0,To run,
patchcore,visa,pipe_fryum,mcunet-in3,"[3, 6, 9]",0.0,0,To run,
patchcore,visa,pipe_fryum,mcunet-in3,"[3, 6, 9]",0.1,0,To run,
patchcore,visa,pipe_fryum,mcunet-in3,"[3, 6, 9]",0.15,0,To run,
patchcore,visa,pipe_fryum,mcunet-in3,"[3, 6, 9]",0.2,0,To run,
patchcore,visa,pipe_fryum,resnet18,"['layer1', 'layer2', 'layer3']",0.0,0,To run,
patchcore,visa,pipe_fryum,resnet18,"['layer1', 'layer2', 'layer3']",0.1,0,To run,
patchcore,visa,pipe_fryum,resnet18,"['layer1', 'layer2', 'layer3']",0.15,0,To run,
patchcore,visa,pipe_fryum,resnet18,"['layer1', 'layer2', 'layer3']",0.2,0,To run,
padim,visa,candle,resnet18,"['layer1', 'layer2', 'layer3']",0.0,0,To run,
padim,visa,candle,resnet18,"['layer1', 'layer2', 'layer3']",0.1,0,To run,
padim,visa,candle,resnet18,"['layer1', 'layer2', 'layer3']",0.15,0,To run,
padim,visa,candle,resnet18,"['layer1', 'layer2', 'layer3']",0.2,0,To run,
padim,visa,capsules,resnet18,"['layer1', 'layer2', 'layer3']",0.0,0,To run,
padim,visa,capsules,resnet18,"['layer1', 'layer2', 'layer3']",0.1,0,To run,
padim,visa,capsules,resnet18,"['layer1', 'layer2', 'layer3']",0.15,0,To run,
padim,visa,capsules,resnet18,"['layer1', 'layer2', 'layer3']",0.2,0,To run,
padim,visa,cashew,resnet18,"['layer1', 'layer2', 'layer3']",0.0,0,To run,
padim,visa,cashew,resnet18,"['layer1', 'layer2', 'layer3']",0.1,0,To run,
padim,visa,cashew,resnet18,"['layer1', 'layer2', 'layer3']",0.15,0,To run,
padim,visa,cashew,resnet18,"['layer1', 'layer2', 'layer3']",0.2,0,To run,
padim,visa,chewinggum,resnet18,"['layer1', 'layer2', 'layer3']",0.0,0,To run,
padim,visa,chewinggum,resnet18,"['layer1', 'layer2', 'layer3']",0.1,0,To run,
padim,visa,chewinggum,resnet18,"['layer1', 'layer2', 'layer3']",0.15,0,To run,
padim,visa,chewinggum,resnet18,"['layer1', 'layer2', 'layer3']",0.2,0,To run,
padim,visa,fryum,resnet18,"['layer1', 'layer2', 'layer3']",0.0,0,To run,
padim,visa,fryum,resnet18,"['layer1', 'layer2', 'layer3']",0.1,0,To run,
padim,visa,fryum,resnet18,"['layer1', 'layer2', 'layer3']",0.15,0,To run,
padim,visa,fryum,resnet18,"['layer1', 'layer2', 'layer3']",0.2,0,To run,
padim,visa,macaroni1,resnet18,"['layer1', 'layer2', 'layer3']",0.0,0,To run,
padim,visa,macaroni1,resnet18,"['layer1', 'layer2', 'layer3']",0.1,0,To run,
padim,visa,macaroni1,resnet18,"['layer1', 'layer2', 'layer3']",0.15,0,To run,
padim,visa,macaroni1,resnet18,"['layer1', 'layer2', 'layer3']",0.2,0,To run,
padim,visa,macaroni2,resnet18,"['layer1', 'layer2', 'layer3']",0.0,0,To run,
padim,visa,macaroni2,resnet18,"['layer1', 'layer2', 'layer3']",0.1,0,To run,
padim,visa,macaroni2,resnet18,"['layer1', 'layer2', 'layer3']",0.15,0,To run,
padim,visa,macaroni2,resnet18,"['layer1', 'layer2', 'layer3']",0.2,0,To run,
padim,visa,pcb1,resnet18,"['layer1', 'layer2', 'layer3']",0.0,0,To run,
padim,visa,pcb1,resnet18,"['layer1', 'layer2', 'layer3']",0.1,0,To run,
padim,visa,pcb1,resnet18,"['layer1', 'layer2', 'layer3']",0.15,0,To run,
padim,visa,pcb1,resnet18,"['layer1', 'layer2', 'layer3']",0.2,0,To run,
padim,visa,pcb2,resnet18,"['layer1', 'layer2', 'layer3']",0.0,0,To run,
padim,visa,pcb2,resnet18,"['layer1', 'layer2', 'layer3']",0.1,0,To run,
padim,visa,pcb2,resnet18,"['layer1', 'layer2', 'layer3']",0.15,0,To run,
padim,visa,pcb2,resnet18,"['layer1', 'layer2', 'layer3']",0.2,0,To run,
padim,visa,pcb3,resnet18,"['layer1', 'layer2', 'layer3']",0.0,0,To run,
padim,visa,pcb3,resnet18,"['layer1', 'layer2', 'layer3']",0.1,0,To run,
padim,visa,pcb3,resnet18,"['layer1', 'layer2', 'layer3']",0.15,0,To run,
padim,visa,pcb3,resnet18,"['layer1', 'layer2', 'layer3']",0.2,0,To run,
padim,visa,pcb4,resnet18,"['layer1', 'layer2', 'layer3']",0.0,0,To run,
padim,visa,pcb4,resnet18,"['layer1', 'layer2', 'layer3']",0.1,0,To run,
padim,visa,pcb4,resnet18,"['layer1', 'layer2', 'layer3']",0.15,0,To run,
padim,visa,pcb4,resnet18,"['layer1', 'layer2', 'layer3']",0.2,0,To run,
padim,visa,pipe_fryum,resnet18,"['layer1', 'layer2', 'layer3']",0.0,0,To run,
padim,visa,pipe_fryum,resnet18,"['layer1', 'layer2', 'layer3']",0.1,0,To run,
padim,visa,pipe_fryum,resnet18,"['layer1', 'layer2', 'layer3']",0.15,0,To run,
padim,visa,pipe_fryum,resnet18,"['layer1', 'layer2', 'layer3']",0.2,0,To run,
cfa,visa,candle,mobilenet_v2,"['features.4', 'features.7', 'features.10']",0.15,0,To run,
cfa,visa,candle,mobilenet_v2,"['features.4', 'features.7', 'features.10']",0.2,0,To run,
cfa,visa,candle,micronet-m1,"[2, 4, 5]",0.15,0,To run,
cfa,visa,candle,micronet-m1,"[2, 4, 5]",0.2,0,To run,
cfa,visa,candle,mcunet-in3,"[3, 6, 9]",0.15,0,To run,
cfa,visa,candle,mcunet-in3,"[3, 6, 9]",0.2,0,To run,
cfa,visa,candle,resnet18,"['layer1', 'layer2', 'layer3']",0.15,0,To run,
cfa,visa,candle,resnet18,"['layer1', 'layer2', 'layer3']",0.2,0,To run,
cfa,visa,capsules,mobilenet_v2,"['features.4', 'features.7', 'features.10']",0.2,0,To run,
cfa,visa,capsules,micronet-m1,"[2, 4, 5]",0.2,0,To run,
cfa,visa,capsules,mcunet-in3,"[3, 6, 9]",0.2,0,To run,
cfa,visa,capsules,resnet18,"['layer1', 'layer2', 'layer3']",0.2,0,To run,
cfa,visa,macaroni1,mobilenet_v2,"['features.4', 'features.7', 'features.10']",0.15,0,To run,
cfa,visa,macaroni1,mobilenet_v2,"['features.4', 'features.7', 'features.10']",0.2,0,To run,
cfa,visa,macaroni1,micronet-m1,"[2, 4, 5]",0.15,0,To run,
cfa,visa,macaroni1,micronet-m1,"[2, 4, 5]",0.2,0,To run,
cfa,visa,macaroni1,mcunet-in3,"[3, 6, 9]",0.15,0,To run,
cfa,visa,macaroni1,mcunet-in3,"[3, 6, 9]",0.2,0,To run,
cfa,visa,macaroni1,resnet18,"['layer1', 'layer2', 'layer3']",0.15,0,To run,
cfa,visa,macaroni1,resnet18,"['layer1', 'layer2', 'layer3']",0.2,0,To run,
cfa,visa,macaroni2,mobilenet_v2,"['features.4', 'features.7', 'features.10']",0.15,0,To run,
cfa,visa,macaroni2,mobilenet_v2,"['features.4', 'features.7', 'features.10']",0.2,0,To run,
cfa,visa,macaroni2,micronet-m1,"[2, 4, 5]",0.15,0,To run,
cfa,visa,macaroni2,micronet-m1,"[2, 4, 5]",0.2,0,To run,
cfa,visa,macaroni2,mcunet-in3,"[3, 6, 9]",0.15,0,To run,
cfa,visa,macaroni2,mcunet-in3,"[3, 6, 9]",0.2,0,To run,
cfa,visa,macaroni2,resnet18,"['layer1', 'layer2', 'layer3']",0.15,0,To run,
cfa,visa,macaroni2,resnet18,"['layer1', 'layer2', 'layer3']",0.2,0,To run,
cfa,visa,pcb1,mobilenet_v2,"['features.4', 'features.7', 'features.10']",0.15,0,To run,
cfa,visa,pcb1,mobilenet_v2,"['features.4', 'features.7', 'features.10']",0.2,0,To run,
cfa,visa,pcb1,micronet-m1,"[2, 4, 5]",0.15,0,To run,
cfa,visa,pcb1,micronet-m1,"[2, 4, 5]",0.2,0,To run,
cfa,visa,pcb1,mcunet-in3,"[3, 6, 9]",0.15,0,To run,
cfa,visa,pcb1,mcunet-in3,"[3, 6, 9]",0.2,0,To run,
cfa,visa,pcb1,resnet18,"['layer1', 'layer2', 'layer3']",0.15,0,To run,
cfa,visa,pcb1,resnet18,"['layer1', 'layer2', 'layer3']",0.2,0,To run,
cfa,visa,pcb2,mobilenet_v2,"['features.4', 'features.7', 'features.10']",0.15,0,To run,
cfa,visa,pcb2,mobilenet_v2,"['features.4', 'features.7', 'features.10']",0.2,0,To run,
cfa,visa,pcb2,micronet-m1,"[2, 4, 5]",0.15,0,To run,
cfa,visa,pcb2,micronet-m1,"[2, 4, 5]",0.2,0,To run,
cfa,visa,pcb2,mcunet-in3,"[3, 6, 9]",0.15,0,To run,
cfa,visa,pcb2,mcunet-in3,"[3, 6, 9]",0.2,0,To run,
cfa,visa,pcb2,resnet18,"['layer1', 'layer2', 'layer3']",0.15,0,To run,
cfa,visa,pcb2,resnet18,"['layer1', 'layer2', 'layer3']",0.2,0,To run,
cfa,visa,pcb3,mobilenet_v2,"['features.4', 'features.7', 'features.10']",0.15,0,To run,
cfa,visa,pcb3,mobilenet_v2,"['features.4', 'features.7', 'features.10']",0.2,0,To run,
cfa,visa,pcb3,micronet-m1,"[2, 4, 5]",0.15,0,To run,
cfa,visa,pcb3,micronet-m1,"[2, 4, 5]",0.2,0,To run,
cfa,visa,pcb3,mcunet-in3,"[3, 6, 9]",0.15,0,To run,
cfa,visa,pcb3,mcunet-in3,"[3, 6, 9]",0.2,0,To run,
cfa,visa,pcb3,resnet18,"['layer1', 'layer2', 'layer3']",0.15,0,To run,
cfa,visa,pcb3,resnet18,"['layer1', 'layer2', 'layer3']",0.2,0,To run,
cfa,visa,pcb4,mobilenet_v2,"['features.4', 'features.7', 'features.10']",0.15,0,To run,
cfa,visa,pcb4,mobilenet_v2,"['features.4', 'features.7', 'features.10']",0.2,0,To run,
cfa,visa,pcb4,micronet-m1,"[2, 4, 5]",0.15,0,To run,
cfa,visa,pcb4,micronet-m1,"[2, 4, 5]",0.2,0,To run,
cfa,visa,pcb4,mcunet-in3,"[3, 6, 9]",0.15,0,To run,
cfa,visa,pcb4,mcunet-in3,"[3, 6, 9]",0.2,0,To run,
cfa,visa,pcb4,resnet18,"['layer1', 'layer2', 'layer3']",0.15,0,To run,
cfa,visa,pcb4,resnet18,"['layer1', 'layer2', 'layer3']",0.2,0,To run,
stfpm,visa,candle,mobilenet_v2,"[[8, 9], [10, 11, 12]]",0.15,0,To run,
stfpm,visa,candle,mobilenet_v2,"[[8, 9], [10, 11, 12]]",0.2,0,To run,
stfpm,visa,candle,wide_resnet50_2,"[[3, 4, 5], [6, 7, 8]]",0.15,0,To run,
stfpm,visa,candle,wide_resnet50_2,"[[3, 4, 5], [6, 7, 8]]",0.2,0,To run,
stfpm,visa,candle,phinet_1.2_0.5_6_downsampling,"[[2, 6, 7], [8, 9, 10]]",0.15,0,To run,
stfpm,visa,candle,phinet_1.2_0.5_6_downsampling,"[[2, 6, 7], [8, 9, 10]]",0.2,0,To run,
stfpm,visa,candle,micronet-m1,"[[2, 4, 5], [6, 8, 9]]",0.15,0,To run,
stfpm,visa,candle,micronet-m1,"[[2, 4, 5], [6, 8, 9]]",0.2,0,To run,
stfpm,visa,candle,mcunet-in3,"[[3, 6, 9], [12, 15, 18]]",0.15,0,To run,
stfpm,visa,candle,mcunet-in3,"[[3, 6, 9], [12, 15, 18]]",0.2,0,To run,
stfpm,visa,capsules,mobilenet_v2,"[[8, 9], [10, 11, 12]]",0.2,0,To run,
stfpm,visa,capsules,wide_resnet50_2,"[[3, 4, 5], [6, 7, 8]]",0.2,0,To run,
stfpm,visa,capsules,phinet_1.2_0.5_6_downsampling,"[[2, 6, 7], [8, 9, 10]]",0.2,0,To run,
stfpm,visa,capsules,micronet-m1,"[[2, 4, 5], [6, 8, 9]]",0.2,0,To run,
stfpm,visa,capsules,mcunet-in3,"[[3, 6, 9], [12, 15, 18]]",0.2,0,To run,
stfpm,visa,macaroni1,mobilenet_v2,"[[8, 9], [10, 11, 12]]",0.15,0,To run,
stfpm,visa,macaroni1,mobilenet_v2,"[[8, 9], [10, 11, 12]]",0.2,0,To run,
stfpm,visa,macaroni1,wide_resnet50_2,"[[3, 4, 5], [6, 7, 8]]",0.15,0,To run,
stfpm,visa,macaroni1,wide_resnet50_2,"[[3, 4, 5], [6, 7, 8]]",0.2,0,To run,
stfpm,visa,macaroni1,phinet_1.2_0.5_6_downsampling,"[[2, 6, 7], [8, 9, 10]]",0.15,0,To run,
stfpm,visa,macaroni1,phinet_1.2_0.5_6_downsampling,"[[2, 6, 7], [8, 9, 10]]",0.2,0,To run,
stfpm,visa,macaroni1,micronet-m1,"[[2, 4, 5], [6, 8, 9]]",0.15,0,To run,
stfpm,visa,macaroni1,micronet-m1,"[[2, 4, 5], [6, 8, 9]]",0.2,0,To run,
stfpm,visa,macaroni1,mcunet-in3,"[[3, 6, 9], [12, 15, 18]]",0.15,0,To run,
stfpm,visa,macaroni1,mcunet-in3,"[[3, 6, 9], [12, 15, 18]]",0.2,0,To run,
stfpm,visa,macaroni2,mobilenet_v2,"[[8, 9], [10, 11, 12]]",0.15,0,To run,
stfpm,visa,macaroni2,mobilenet_v2,"[[8, 9], [10, 11, 12]]",0.2,0,To run,
stfpm,visa,macaroni2,wide_resnet50_2,"[[3, 4, 5], [6, 7, 8]]",0.15,0,To run,
stfpm,visa,macaroni2,wide_resnet50_2,"[[3, 4, 5], [6, 7, 8]]",0.2,0,To run,
stfpm,visa,macaroni2,phinet_1.2_0.5_6_downsampling,"[[2, 6, 7], [8, 9, 10]]",0.15,0,To run,
stfpm,visa,macaroni2,phinet_1.2_0.5_6_downsampling,"[[2, 6, 7], [8, 9, 10]]",0.2,0,To run,
stfpm,visa,macaroni2,micronet-m1,"[[2, 4, 5], [6, 8, 9]]",0.15,0,To run,
stfpm,visa,macaroni2,micronet-m1,"[[2, 4, 5], [6, 8, 9]]",0.2,0,To run,
stfpm,visa,macaroni2,mcunet-in3,"[[3, 6, 9], [12, 15, 18]]",0.15,0,To run,
stfpm,visa,macaroni2,mcunet-in3,"[[3, 6, 9], [12, 15, 18]]",0.2,0,To run,
stfpm,visa,pcb1,mobilenet_v2,"[[8, 9], [10, 11, 12]]",0.15,0,To run,
stfpm,visa,pcb1,mobilenet_v2,"[[8, 9], [10, 11, 12]]",0.2,0,To run,
stfpm,visa,pcb1,wide_resnet50_2,"[[3, 4, 5], [6, 7, 8]]",0.15,0,To run,
stfpm,visa,pcb1,wide_resnet50_2,"[[3, 4, 5], [6, 7, 8]]",0.2,0,To run,
stfpm,visa,pcb1,phinet_1.2_0.5_6_downsampling,"[[2, 6, 7], [8, 9, 10]]",0.15,0,To run,
stfpm,visa,pcb1,phinet_1.2_0.5_6_downsampling,"[[2, 6, 7], [8, 9, 10]]",0.2,0,To run,
stfpm,visa,pcb1,micronet-m1,"[[2, 4, 5], [6, 8, 9]]",0.15,0,To run,
stfpm,visa,pcb1,micronet-m1,"[[2, 4, 5], [6, 8, 9]]",0.2,0,To run,
stfpm,visa,pcb1,mcunet-in3,"[[3, 6, 9], [12, 15, 18]]",0.15,0,To run,
stfpm,visa,pcb1,mcunet-in3,"[[3, 6, 9], [12, 15, 18]]",0.2,0,To run,
stfpm,visa,pcb2,mobilenet_v2,"[[8, 9], [10, 11, 12]]",0.15,0,To run,
stfpm,visa,pcb2,mobilenet_v2,"[[8, 9], [10, 11, 12]]",0.2,0,To run,
stfpm,visa,pcb2,wide_resnet50_2,"[[3, 4, 5], [6, 7, 8]]",0.15,0,To run,
stfpm,visa,pcb2,wide_resnet50_2,"[[3, 4, 5], [6, 7, 8]]",0.2,0,To run,
stfpm,visa,pcb2,phinet_1.2_0.5_6_downsampling,"[[2, 6, 7], [8, 9, 10]]",0.15,0,To run,
stfpm,visa,pcb2,phinet_1.2_0.5_6_downsampling,"[[2, 6, 7], [8, 9, 10]]",0.2,0,To run,
stfpm,visa,pcb2,micronet-m1,"[[2, 4, 5], [6, 8, 9]]",0.15,0,To run,
stfpm,visa,pcb2,micronet-m1,"[[2, 4, 5], [6, 8, 9]]",0.2,0,To run,
stfpm,visa,pcb2,mcunet-in3,"[[3, 6, 9], [12, 15, 18]]",0.15,0,To run,
stfpm,visa,pcb2,mcunet-in3,"[[3, 6, 9], [12, 15, 18]]",0.2,0,To run,
stfpm,visa,pcb3,mobilenet_v2,"[[8, 9], [10, 11, 12]]",0.15,0,To run,
stfpm,visa,pcb3,mobilenet_v2,"[[8, 9], [10, 11, 12]]",0.2,0,To run,
stfpm,visa,pcb3,wide_resnet50_2,"[[3, 4, 5], [6, 7, 8]]",0.15,0,To run,
stfpm,visa,pcb3,wide_resnet50_2,"[[3, 4, 5], [6, 7, 8]]",0.2,0,To run,
stfpm,visa,pcb3,phinet_1.2_0.5_6_downsampling,"[[2, 6, 7], [8, 9, 10]]",0.15,0,To run,
stfpm,visa,pcb3,phinet_1.2_0.5_6_downsampling,"[[2, 6, 7], [8, 9, 10]]",0.2,0,To run,
stfpm,visa,pcb3,micronet-m1,"[[2, 4, 5], [6, 8, 9]]",0.0,0,To run,
stfpm,visa,pcb3,micronet-m1,"[[2, 4, 5], [6, 8, 9]]",0.1,0,To run,
stfpm,visa,pcb3,micronet-m1,"[[2, 4, 5], [6, 8, 9]]",0.15,0,To run,
stfpm,visa,pcb3,micronet-m1,"[[2, 4, 5], [6, 8, 9]]",0.2,0,To run,
stfpm,visa,pcb3,mcunet-in3,"[[3, 6, 9], [12, 15, 18]]",0.0,0,To run,
stfpm,visa,pcb3,mcunet-in3,"[[3, 6, 9], [12, 15, 18]]",0.1,0,To run,
stfpm,visa,pcb3,mcunet-in3,"[[3, 6, 9], [12, 15, 18]]",0.15,0,To run,
stfpm,visa,pcb3,mcunet-in3,"[[3, 6, 9], [12, 15, 18]]",0.2,0,To run,
stfpm,visa,pcb4,mobilenet_v2,"[[8, 9], [10, 11, 12]]",0.0,0,To run,
stfpm,visa,pcb4,mobilenet_v2,"[[8, 9], [10, 11, 12]]",0.1,0,To run,
stfpm,visa,pcb4,mobilenet_v2,"[[8, 9], [10, 11, 12]]",0.15,0,To run,
stfpm,visa,pcb4,mobilenet_v2,"[[8, 9], [10, 11, 12]]",0.2,0,To run,
stfpm,visa,pcb4,wide_resnet50_2,"[[3, 4, 5], [6, 7, 8]]",0.0,0,To run,
stfpm,visa,pcb4,wide_resnet50_2,"[[3, 4, 5], [6, 7, 8]]",0.1,0,To run,
stfpm,visa,pcb4,wide_resnet50_2,"[[3, 4, 5], [6, 7, 8]]",0.15,0,To run,
stfpm,visa,pcb4,wide_resnet50_2,"[[3, 4, 5], [6, 7, 8]]",0.2,0,To run,
stfpm,visa,pcb4,phinet_1.2_0.5_6_downsampling,"[[2, 6, 7], [8, 9, 10]]",0.0,0,To run,
stfpm,visa,pcb4,phinet_1.2_0.5_6_downsampling,"[[2, 6, 7], [8, 9, 10]]",0.1,0,To run,
stfpm,visa,pcb4,phinet_1.2_0.5_6_downsampling,"[[2, 6, 7], [8, 9, 10]]",0.15,0,To run,
stfpm,visa,pcb4,phinet_1.2_0.5_6_downsampling,"[[2, 6, 7], [8, 9, 10]]",0.2,0,To run,
stfpm,visa,pcb4,micronet-m1,"[[2, 4, 5], [6, 8, 9]]",0.0,0,To run,
stfpm,visa,pcb4,micronet-m1,"[[2, 4, 5], [6, 8, 9]]",0.1,0,To run,
stfpm,visa,pcb4,micronet-m1,"[[2, 4, 5], [6, 8, 9]]",0.15,0,To run,
stfpm,visa,pcb4,micronet-m1,"[[2, 4, 5], [6, 8, 9]]",0.2,0,To run,
stfpm,visa,pcb4,mcunet-in3,"[[3, 6, 9], [12, 15, 18]]",0.0,0,To run,
stfpm,visa,pcb4,mcunet-in3,"[[3, 6, 9], [12, 15, 18]]",0.1,0,To run,
stfpm,visa,pcb4,mcunet-in3,"[[3, 6, 9], [12, 15, 18]]",0.15,0,To run,
stfpm,visa,pcb4,mcunet-in3,"[[3, 6, 9], [12, 15, 18]]",0.2,0,To run,
stfpm,visa,pipe_fryum,mobilenet_v2,"[[8, 9], [10, 11, 12]]",0.0,0,To run,
stfpm,visa,pipe_fryum,mobilenet_v2,"[[8, 9], [10, 11, 12]]",0.1,0,To run,
stfpm,visa,pipe_fryum,mobilenet_v2,"[[8, 9], [10, 11, 12]]",0.15,0,To run,
stfpm,visa,pipe_fryum,mobilenet_v2,"[[8, 9], [10, 11, 12]]",0.2,0,To run,
stfpm,visa,pipe_fryum,wide_resnet50_2,"[[3, 4, 5], [6, 7, 8]]",0.0,0,To run,
stfpm,visa,pipe_fryum,wide_resnet50_2,"[[3, 4, 5], [6, 7, 8]]",0.1,0,To run,
stfpm,visa,pipe_fryum,wide_resnet50_2,"[[3, 4, 5], [6, 7, 8]]",0.15,0,To run,
stfpm,visa,pipe_fryum,wide_resnet50_2,"[[3, 4, 5], [6, 7, 8]]",0.2,0,To run,
stfpm,visa,pipe_fryum,phinet_1.2_0.5_6_downsampling,"[[2, 6, 7], [8, 9, 10]]",0.0,0,To run,
stfpm,visa,pipe_fryum,phinet_1.2_0.5_6_downsampling,"[[2, 6, 7], [8, 9, 10]]",0.1,0,To run,
stfpm,visa,pipe_fryum,phinet_1.2_0.5_6_downsampling,"[[2, 6, 7], [8, 9, 10]]",0.15,0,To run,
stfpm,visa,pipe_fryum,phinet_1.2_0.5_6_downsampling,"[[2, 6, 7], [8, 9, 10]]",0.2,0,To run,
stfpm,visa,pipe_fryum,micronet-m1,"[[2, 4, 5], [6, 8, 9]]",0.0,0,To run,
stfpm,visa,pipe_fryum,micronet-m1,"[[2, 4, 5], [6, 8, 9]]",0.1,0,To run,
stfpm,visa,pipe_fryum,micronet-m1,"[[2, 4, 5], [6, 8, 9]]",0.15,0,To run,
stfpm,visa,pipe_fryum,micronet-m1,"[[2, 4, 5], [6, 8, 9]]",0.2,0,To run,
stfpm,visa,pipe_fryum,mcunet-in3,"[[3, 6, 9], [12, 15, 18]]",0.0,0,To run,
stfpm,visa,pipe_fryum,mcunet-in3,"[[3, 6, 9], [12, 15, 18]]",0.1,0,To run,
stfpm,visa,pipe_fryum,mcunet-in3,"[[3, 6, 9], [12, 15, 18]]",0.15,0,To run,
stfpm,visa,pipe_fryum,mcunet-in3,"[[3, 6, 9], [12, 15, 18]]",0.2,0,To run,
